0,7,757.0,272.0,11.0,16.0,0,2,1
0,6,347.0,315.0,20.0,14.0,0,2,1
0,5,634.0,259.0,15.0,14.0,0,2,1
0,4,598.0,274.0,20.0,15.0,0,2,1
0,3,710.0,275.0,21.0,19.0,0,2,1
0,2,570.0,288.0,24.0,28.0,0,2,1
0,1,688.0,288.0,24.0,27.0,0,2,1
1,7,757.0,272.0,11.0,15.0,0,2,1
1,6,347.0,315.0,20.0,14.0,0,2,1
1,5,634.0,259.0,15.0,14.0,0,2,1
1,4,597.0,274.0,21.0,15.0,0,2,1
1,3,711.0,274.0,19.0,20.0,0,2,1
1,2,569.0,288.0,25.0,29.0,0,2,1
1,1,687.0,288.0,25.0,26.0,0,2,1
2,7,757.0,272.0,11.0,16.0,0,2,1
2,6,347.0,315.0,20.0,14.0,0,2,1
2,5,634.0,259.0,15.0,14.0,0,2,1
2,4,597.0,274.0,21.0,15.0,0,2,1
2,3,711.0,274.0,19.0,19.0,0,2,1
2,2,567.0,288.0,24.0,29.0,0,2,1
2,1,687.0,288.0,25.0,26.0,0,2,1
3,7,757.0,272.0,11.0,16.0,0,2,1
3,6,347.0,315.0,20.0,14.0,0,2,1
3,5,633.0,260.0,16.0,13.0,0,2,1
3,4,597.0,274.0,20.0,15.0,0,2,1
3,3,710.0,274.0,20.0,19.0,0,2,1
3,2,567.0,289.0,27.0,30.0,0,2,1
3,1,687.0,287.0,24.0,27.0,0,2,1
4,7,756.0,272.0,12.0,15.0,0,2,1
4,6,347.0,315.0,20.0,14.0,0,2,1
4,5,633.0,259.0,17.0,14.0,0,2,1
4,4,596.0,275.0,18.0,15.0,0,2,1
4,3,710.0,273.0,19.0,21.0,0,2,1
4,2,566.0,289.0,27.0,31.0,0,2,1
4,1,686.0,287.0,24.0,26.0,0,2,1
5,7,756.0,272.0,12.0,15.0,0,2,1
5,6,346.0,315.0,20.0,14.0,0,2,1
5,5,633.0,259.0,17.0,15.0,0,2,1
5,4,596.0,274.0,19.0,16.0,0,2,1
5,3,710.0,273.0,19.0,20.0,0,2,1
5,2,563.0,290.0,26.0,30.0,0,2,1
5,1,685.0,286.0,25.0,27.0,0,2,1
6,9,1000.0,617.0,178.0,102.0,0,2,1
6,7,756.0,272.0,12.0,16.0,0,2,1
6,6,346.0,315.0,20.0,14.0,0,2,1
6,5,633.0,259.0,17.0,15.0,0,2,1
6,4,596.0,274.0,17.0,16.0,0,2,1
6,3,710.0,273.0,20.0,20.0,0,2,1
6,2,562.0,294.0,26.0,26.0,0,2,1
6,1,685.0,286.0,25.0,26.0,0,2,1
7,9,983.0,599.0,170.0,117.0,0,2,1
7,7,756.0,272.0,12.0,16.0,0,2,1
7,6,346.0,315.0,20.0,14.0,0,2,1
7,5,632.0,259.0,19.0,15.0,0,2,1
7,4,596.0,275.0,17.0,14.0,0,2,1
7,3,710.0,273.0,20.0,19.0,0,2,1
7,2,561.0,294.0,26.0,27.0,0,2,1
7,1,686.0,286.0,23.0,26.0,0,2,1
8,9,969.0,583.0,158.0,115.0,0,2,1
8,7,756.0,272.0,12.0,16.0,0,2,1
8,6,346.0,315.0,20.0,14.0,0,2,1
8,5,632.0,259.0,18.0,15.0,0,2,1
8,4,596.0,275.0,17.0,14.0,0,2,1
8,3,709.0,273.0,20.0,19.0,0,2,1
8,2,561.0,293.0,27.0,28.0,0,2,1
8,1,686.0,284.0,23.0,28.0,0,2,1
9,9,956.0,567.0,148.0,108.0,0,2,1
9,7,756.0,272.0,12.0,16.0,0,2,1
9,6,346.0,315.0,20.0,14.0,0,2,1
9,5,632.0,258.0,19.0,16.0,0,2,1
9,4,595.0,275.0,17.0,14.0,0,2,1
9,3,708.0,273.0,21.0,19.0,0,2,1
9,2,560.0,294.0,27.0,28.0,0,2,1
9,1,685.0,284.0,23.0,26.0,0,2,1
10,9,943.0,554.0,141.0,105.0,0,2,1
10,7,756.0,272.0,12.0,15.0,0,2,1
10,6,346.0,315.0,20.0,14.0,0,2,1
10,5,631.0,258.0,21.0,16.0,0,2,1
10,4,595.0,275.0,17.0,14.0,0,2,1
10,3,705.0,269.0,22.0,20.0,0,2,1
10,2,558.0,297.0,28.0,28.0,0,2,1
10,1,685.0,283.0,23.0,27.0,0,2,1
11,10,564.0,287.0,23.0,15.0,0,2,1
11,9,932.0,541.0,134.0,98.0,0,2,1
11,7,756.0,272.0,12.0,16.0,0,2,1
11,6,346.0,315.0,20.0,14.0,0,2,1
11,5,631.0,257.0,21.0,17.0,0,2,1
11,4,594.0,274.0,17.0,15.0,0,2,1
11,3,705.0,269.0,22.0,20.0,0,2,1
11,2,557.0,298.0,27.0,29.0,0,2,1
11,1,685.0,284.0,23.0,25.0,0,2,1
12,9,921.0,530.0,127.0,93.0,0,2,1
12,7,756.0,272.0,12.0,15.0,0,2,1
12,6,346.0,315.0,20.0,14.0,0,2,1
12,5,631.0,258.0,20.0,16.0,0,2,1
12,4,594.0,274.0,17.0,16.0,0,2,1
12,3,705.0,269.0,22.0,20.0,0,2,1
12,2,555.0,298.0,29.0,30.0,0,2,1
12,1,685.0,284.0,22.0,24.0,0,2,1
13,9,915.0,519.0,115.0,87.0,0,2,1
13,7,756.0,272.0,12.0,16.0,0,2,1
13,6,346.0,315.0,20.0,14.0,0,2,1
13,5,629.0,260.0,20.0,13.0,0,2,1
13,4,593.0,274.0,17.0,16.0,0,2,1
13,3,706.0,269.0,20.0,20.0,0,2,1
13,2,555.0,298.0,28.0,31.0,0,2,1
13,1,684.0,284.0,23.0,23.0,0,2,1
14,9,904.0,507.0,113.0,85.0,0,2,1
14,7,756.0,272.0,12.0,16.0,0,2,1
14,6,346.0,315.0,20.0,14.0,0,2,1
14,5,629.0,260.0,21.0,14.0,0,2,1
14,4,593.0,275.0,17.0,15.0,0,2,1
14,3,705.0,269.0,21.0,19.0,0,2,1
14,2,554.0,299.0,28.0,30.0,0,2,1
14,1,684.0,283.0,23.0,24.0,0,2,1
15,9,895.0,500.0,110.0,83.0,0,2,1
15,7,756.0,272.0,12.0,16.0,0,2,1
15,5,631.0,259.0,23.0,16.0,0,2,1
15,4,593.0,275.0,17.0,15.0,0,2,1
15,3,706.0,268.0,22.0,20.0,0,2,1
15,2,553.0,300.0,27.0,30.0,0,2,1
15,1,683.0,283.0,24.0,23.0,0,2,1
16,9,887.0,489.0,103.0,81.0,0,2,1
16,7,756.0,272.0,12.0,16.0,0,2,1
16,5,629.0,260.0,21.0,14.0,0,2,1
16,4,592.0,275.0,17.0,15.0,0,2,1
16,3,706.0,268.0,21.0,20.0,0,2,1
16,2,551.0,301.0,28.0,30.0,0,2,1
16,1,683.0,283.0,23.0,22.0,0,2,1
17,9,880.0,474.0,99.0,88.0,0,2,1
17,7,756.0,271.0,12.0,17.0,0,2,1
17,5,629.0,261.0,21.0,14.0,0,2,1
17,4,591.0,275.0,18.0,16.0,0,2,1
17,3,706.0,268.0,19.0,20.0,0,2,1
17,2,550.0,303.0,27.0,29.0,0,2,1
17,1,684.0,284.0,22.0,20.0,0,2,1
18,9,871.0,475.0,97.0,73.0,0,2,1
18,7,756.0,271.0,12.0,17.0,0,2,1
18,5,629.0,261.0,20.0,14.0,0,2,1
18,4,591.0,275.0,16.0,16.0,0,2,1
18,3,705.0,268.0,20.0,20.0,0,2,1
18,2,548.0,304.0,28.0,28.0,0,2,1
18,1,683.0,283.0,22.0,20.0,0,2,1
19,10,560.0,295.0,23.0,13.0,0,2,1
19,9,865.0,467.0,95.0,74.0,0,2,1
19,7,756.0,271.0,12.0,17.0,0,2,1
19,5,630.0,261.0,18.0,14.0,0,2,1
19,4,591.0,276.0,16.0,15.0,0,2,1
19,3,706.0,269.0,19.0,19.0,0,2,1
19,2,547.0,307.0,29.0,27.0,0,2,1
19,1,684.0,283.0,21.0,19.0,0,2,1
20,10,559.0,295.0,22.0,12.0,0,2,1
20,9,859.0,461.0,90.0,70.0,0,2,1
20,7,756.0,271.0,12.0,17.0,0,2,1
20,5,629.0,262.0,18.0,14.0,0,2,1
20,4,591.0,276.0,15.0,16.0,0,2,1
20,3,706.0,269.0,19.0,19.0,0,2,1
20,2,545.0,306.0,31.0,29.0,0,2,1
20,1,683.0,283.0,22.0,19.0,0,2,1
21,11,552.0,293.0,28.0,22.0,0,2,1
21,9,854.0,455.0,82.0,63.0,0,2,1
21,8,568.0,313.0,27.0,22.0,0,2,1
21,7,756.0,271.0,12.0,17.0,0,2,1
21,5,629.0,261.0,17.0,15.0,0,2,1
21,4,591.0,277.0,15.0,15.0,0,2,1
21,3,706.0,269.0,19.0,19.0,0,2,1
21,2,544.0,309.0,31.0,26.0,0,2,1
21,1,683.0,283.0,22.0,18.0,0,2,1
22,9,850.0,449.0,81.0,63.0,0,2,1
22,8,566.0,314.0,27.0,23.0,0,2,1
22,7,756.0,271.0,12.0,17.0,0,2,1
22,5,629.0,261.0,17.0,15.0,0,2,1
22,4,590.0,277.0,16.0,16.0,0,2,1
22,3,705.0,269.0,19.0,18.0,0,2,1
22,2,543.0,310.0,30.0,26.0,0,2,1
22,1,683.0,283.0,22.0,18.0,0,2,1
23,9,845.0,444.0,75.0,52.0,0,2,1
23,8,566.0,312.0,27.0,27.0,0,2,1
23,7,756.0,271.0,12.0,17.0,0,2,1
23,5,629.0,261.0,17.0,15.0,0,2,1
23,4,590.0,278.0,15.0,16.0,0,2,1
23,3,705.0,268.0,19.0,19.0,0,2,1
23,2,541.0,310.0,29.0,27.0,0,2,1
23,1,683.0,282.0,22.0,19.0,0,2,1
24,10,553.0,294.0,25.0,20.0,0,2,1
24,9,839.0,437.0,73.0,52.0,0,2,1
24,7,756.0,271.0,12.0,17.0,0,2,1
24,5,629.0,260.0,18.0,17.0,0,2,1
24,4,589.0,278.0,16.0,16.0,0,2,1
24,3,705.0,268.0,19.0,19.0,0,2,1
24,2,540.0,310.0,30.0,29.0,0,2,1
24,1,683.0,282.0,21.0,19.0,0,2,1
25,10,553.0,295.0,25.0,19.0,0,2,1
25,9,835.0,433.0,71.0,55.0,0,2,1
25,7,756.0,271.0,12.0,17.0,0,2,1
25,5,629.0,260.0,18.0,17.0,0,2,1
25,4,588.0,277.0,18.0,17.0,0,2,1
25,3,705.0,268.0,19.0,19.0,0,2,1
25,2,538.0,310.0,32.0,31.0,0,2,1
25,1,684.0,281.0,21.0,19.0,0,2,1
26,10,553.0,296.0,23.0,20.0,0,2,1
26,9,831.0,428.0,69.0,52.0,0,2,1
26,7,756.0,271.0,12.0,17.0,0,2,1
26,5,629.0,261.0,17.0,16.0,0,2,1
26,4,588.0,279.0,18.0,16.0,0,2,1
26,3,705.0,268.0,19.0,19.0,0,2,1
26,2,536.0,313.0,32.0,29.0,0,2,1
26,1,684.0,281.0,21.0,18.0,0,2,1
27,10,553.0,296.0,23.0,20.0,0,2,1
27,9,826.0,424.0,68.0,50.0,0,2,1
27,5,629.0,261.0,17.0,16.0,0,2,1
27,4,587.0,279.0,19.0,18.0,0,2,1
27,3,705.0,268.0,18.0,19.0,0,2,1
27,2,534.0,313.0,33.0,32.0,0,2,1
27,1,683.0,281.0,22.0,18.0,0,2,1
28,10,553.0,296.0,22.0,20.0,0,2,1
28,9,832.0,437.0,57.0,38.0,0,2,1
28,5,628.0,261.0,18.0,16.0,0,2,1
28,4,587.0,280.0,19.0,17.0,0,2,1
28,3,706.0,268.0,17.0,19.0,0,2,1
28,2,532.0,314.0,34.0,33.0,0,2,1
28,1,684.0,281.0,21.0,18.0,0,2,1
29,10,552.0,297.0,24.0,21.0,0,2,1
29,5,628.0,261.0,18.0,16.0,0,2,1
29,4,586.0,279.0,19.0,18.0,0,2,1
29,3,706.0,266.0,17.0,20.0,0,2,1
29,2,530.0,315.0,35.0,32.0,0,2,1
29,1,684.0,280.0,20.0,19.0,0,2,1
30,12,816.0,412.0,62.0,48.0,0,2,1
30,10,551.0,298.0,25.0,21.0,0,2,1
30,5,627.0,261.0,18.0,16.0,0,2,1
30,4,585.0,280.0,19.0,17.0,0,2,1
30,3,705.0,267.0,18.0,19.0,0,2,1
30,2,529.0,316.0,32.0,32.0,0,2,1
30,1,684.0,278.0,20.0,22.0,0,2,1
31,12,810.0,409.0,61.0,44.0,0,2,1
31,10,548.0,299.0,25.0,22.0,0,2,1
31,5,627.0,262.0,17.0,15.0,0,2,1
31,4,585.0,281.0,19.0,16.0,0,2,1
31,3,705.0,266.0,18.0,20.0,0,2,1
31,2,528.0,318.0,31.0,31.0,0,2,1
31,1,684.0,278.0,20.0,21.0,0,2,1
32,12,808.0,403.0,58.0,45.0,0,2,1
32,10,546.0,301.0,25.0,21.0,0,2,1
32,5,626.0,262.0,18.0,16.0,0,2,1
32,4,583.0,280.0,21.0,18.0,0,2,1
32,3,704.0,266.0,18.0,20.0,0,2,1
32,2,525.0,320.0,34.0,30.0,0,2,1
32,1,683.0,277.0,21.0,22.0,0,2,1
33,12,805.0,400.0,58.0,43.0,0,2,1
33,10,545.0,302.0,24.0,21.0,0,2,1
33,5,626.0,262.0,17.0,16.0,0,2,1
33,4,582.0,281.0,21.0,17.0,0,2,1
33,3,703.0,265.0,19.0,21.0,0,2,1
33,2,524.0,322.0,33.0,29.0,0,2,1
33,1,683.0,277.0,21.0,22.0,0,2,1
34,12,802.0,397.0,56.0,43.0,0,2,1
34,10,544.0,302.0,24.0,20.0,0,2,1
34,5,626.0,263.0,18.0,16.0,0,2,1
34,4,581.0,282.0,22.0,16.0,0,2,1
34,3,704.0,265.0,18.0,21.0,0,2,1
34,2,522.0,322.0,34.0,31.0,0,2,1
34,1,683.0,276.0,21.0,23.0,0,2,1
35,12,800.0,395.0,53.0,42.0,0,2,1
35,10,542.0,302.0,26.0,20.0,0,2,1
35,5,625.0,264.0,18.0,15.0,0,2,1
35,4,580.0,282.0,22.0,17.0,0,2,1
35,3,704.0,264.0,18.0,22.0,0,2,1
35,2,521.0,321.0,35.0,34.0,0,2,1
35,1,683.0,275.0,21.0,23.0,0,2,1
36,12,795.0,392.0,54.0,39.0,0,2,1
36,10,541.0,303.0,26.0,20.0,0,2,1
36,5,624.0,263.0,18.0,16.0,0,2,1
36,4,579.0,282.0,22.0,17.0,0,2,1
36,3,704.0,264.0,18.0,21.0,0,2,1
36,2,519.0,322.0,38.0,35.0,0,2,1
36,1,683.0,271.0,23.0,27.0,0,2,1
37,12,792.0,388.0,56.0,39.0,0,2,1
37,10,540.0,304.0,25.0,21.0,0,2,1
37,5,624.0,262.0,18.0,15.0,0,2,1
37,4,578.0,283.0,22.0,16.0,0,2,1
37,3,703.0,264.0,19.0,22.0,0,2,1
37,2,516.0,324.0,37.0,35.0,0,2,1
37,1,684.0,271.0,22.0,26.0,0,2,1
38,12,791.0,386.0,51.0,37.0,0,2,1
38,10,540.0,304.0,25.0,21.0,0,2,1
38,5,624.0,262.0,18.0,15.0,0,2,1
38,4,577.0,285.0,22.0,15.0,0,2,1
38,3,703.0,263.0,19.0,22.0,0,2,1
38,2,513.0,324.0,38.0,36.0,0,2,1
38,1,683.0,271.0,23.0,26.0,0,2,1
39,12,789.0,383.0,48.0,35.0,0,2,1
39,10,539.0,304.0,25.0,21.0,0,2,1
39,5,624.0,262.0,18.0,15.0,0,2,1
39,4,577.0,285.0,21.0,14.0,0,2,1
39,3,703.0,262.0,19.0,23.0,0,2,1
39,2,511.0,325.0,38.0,36.0,0,2,1
39,1,682.0,270.0,23.0,26.0,0,2,1
40,12,784.0,379.0,50.0,40.0,0,2,1
40,10,537.0,304.0,26.0,22.0,0,2,1
40,5,624.0,262.0,17.0,15.0,0,2,1
40,4,576.0,285.0,22.0,15.0,0,2,1
40,3,703.0,261.0,19.0,23.0,0,2,1
40,2,510.0,326.0,37.0,36.0,0,2,1
40,1,682.0,272.0,21.0,24.0,0,2,1
41,12,782.0,378.0,49.0,33.0,0,2,1
41,10,536.0,304.0,25.0,21.0,0,2,1
41,5,624.0,262.0,17.0,15.0,0,2,1
41,4,575.0,286.0,21.0,14.0,0,2,1
41,3,703.0,262.0,19.0,22.0,0,2,1
41,2,508.0,326.0,36.0,38.0,0,2,1
41,1,682.0,272.0,21.0,24.0,0,2,1
42,12,780.0,376.0,50.0,34.0,0,2,1
42,10,535.0,306.0,26.0,21.0,0,2,1
42,5,624.0,264.0,18.0,17.0,0,2,1
42,4,575.0,286.0,20.0,15.0,0,2,1
42,3,703.0,261.0,19.0,23.0,0,2,1
42,2,506.0,327.0,37.0,39.0,0,2,1
42,1,682.0,271.0,20.0,24.0,0,2,1
43,12,779.0,373.0,45.0,33.0,0,2,1
43,10,534.0,307.0,25.0,23.0,0,2,1
43,5,624.0,265.0,17.0,18.0,0,2,1
43,4,575.0,285.0,20.0,17.0,0,2,1
43,3,703.0,261.0,19.0,23.0,0,2,1
43,2,503.0,327.0,37.0,41.0,0,2,1
43,1,682.0,271.0,20.0,24.0,0,2,1
44,12,777.0,370.0,46.0,34.0,0,2,1
44,10,531.0,307.0,27.0,24.0,0,2,1
44,5,624.0,266.0,17.0,16.0,0,2,1
44,4,575.0,286.0,19.0,16.0,0,2,1
44,3,705.0,259.0,17.0,25.0,0,2,1
44,2,501.0,329.0,38.0,41.0,0,2,1
44,1,682.0,270.0,21.0,24.0,0,2,1
45,12,775.0,369.0,46.0,31.0,0,2,1
45,10,530.0,309.0,26.0,24.0,0,2,1
45,5,624.0,266.0,16.0,17.0,0,2,1
45,4,574.0,287.0,19.0,15.0,0,2,1
45,3,705.0,258.0,17.0,26.0,0,2,1
45,2,499.0,332.0,38.0,41.0,0,2,1
45,1,682.0,270.0,21.0,24.0,0,2,1
46,12,772.0,366.0,50.0,34.0,0,2,1
46,10,528.0,309.0,28.0,24.0,0,2,1
46,5,623.0,266.0,17.0,17.0,0,2,1
46,4,573.0,286.0,20.0,17.0,0,2,1
46,3,705.0,258.0,17.0,26.0,0,2,1
46,2,496.0,334.0,41.0,41.0,0,2,1
46,1,682.0,269.0,19.0,24.0,0,2,1
47,12,771.0,364.0,47.0,33.0,0,2,1
47,10,527.0,310.0,27.0,24.0,0,2,1
47,5,623.0,266.0,17.0,17.0,0,2,1
47,4,572.0,286.0,19.0,17.0,0,2,1
47,2,494.0,336.0,42.0,40.0,0,2,1
47,1,682.0,269.0,19.0,24.0,0,2,1
48,12,769.0,363.0,47.0,33.0,0,2,1
48,10,526.0,312.0,28.0,23.0,0,2,1
48,5,623.0,267.0,17.0,17.0,0,2,1
48,4,572.0,287.0,19.0,16.0,0,2,1
48,2,492.0,338.0,42.0,40.0,0,2,1
48,1,682.0,270.0,18.0,23.0,0,2,1
49,12,767.0,362.0,49.0,32.0,0,2,1
49,10,525.0,313.0,27.0,24.0,0,2,1
49,5,623.0,267.0,16.0,17.0,0,2,1
49,4,571.0,287.0,19.0,17.0,0,2,1
49,2,488.0,339.0,44.0,42.0,0,2,1
49,1,682.0,270.0,18.0,22.0,0,2,1
50,12,766.0,359.0,51.0,33.0,0,2,1
50,10,524.0,313.0,27.0,25.0,0,2,1
50,5,623.0,270.0,18.0,15.0,0,2,1
50,4,570.0,287.0,20.0,17.0,0,2,1
50,2,485.0,339.0,43.0,45.0,0,2,1
50,1,682.0,270.0,17.0,22.0,0,2,1
51,12,765.0,356.0,43.0,31.0,0,2,1
51,10,523.0,313.0,27.0,26.0,0,2,1
51,5,624.0,272.0,16.0,13.0,0,2,1
51,4,569.0,287.0,20.0,18.0,0,2,1
51,2,482.0,341.0,44.0,45.0,0,2,1
51,1,682.0,270.0,17.0,21.0,0,2,1
52,12,764.0,354.0,43.0,31.0,0,2,1
52,10,522.0,314.0,27.0,27.0,0,2,1
52,5,623.0,271.0,18.0,14.0,0,2,1
52,4,568.0,287.0,20.0,18.0,0,2,1
52,3,703.0,260.0,17.0,24.0,0,2,1
52,2,479.0,343.0,44.0,46.0,0,2,1
52,1,682.0,271.0,17.0,20.0,0,2,1
53,12,762.0,353.0,43.0,30.0,0,2,1
53,10,520.0,315.0,27.0,26.0,0,2,1
53,5,623.0,273.0,17.0,11.0,0,2,1
53,4,567.0,287.0,21.0,18.0,0,2,1
53,3,703.0,260.0,18.0,24.0,0,2,1
53,2,477.0,345.0,45.0,47.0,0,2,1
53,1,682.0,271.0,17.0,19.0,0,2,1
54,12,759.0,351.0,44.0,31.0,0,2,1
54,10,518.0,316.0,28.0,27.0,0,2,1
54,5,623.0,273.0,17.0,13.0,0,2,1
54,4,567.0,288.0,21.0,18.0,0,2,1
54,3,702.0,260.0,19.0,24.0,0,2,1
54,2,472.0,347.0,49.0,47.0,0,2,1
54,1,682.0,271.0,17.0,19.0,0,2,1
55,12,757.0,348.0,43.0,32.0,0,2,1
55,10,515.0,316.0,30.0,29.0,0,2,1
55,5,622.0,273.0,18.0,13.0,0,2,1
55,4,566.0,287.0,22.0,20.0,0,2,1
55,3,702.0,260.0,19.0,23.0,0,2,1
55,2,469.0,348.0,50.0,49.0,0,2,1
55,1,682.0,271.0,17.0,19.0,0,2,1
56,14,621.0,265.0,17.0,18.0,0,2,1
56,12,756.0,347.0,42.0,30.0,0,2,1
56,10,514.0,319.0,29.0,27.0,0,2,1
56,5,621.0,273.0,20.0,14.0,0,2,1
56,4,564.0,288.0,24.0,20.0,0,2,1
56,2,466.0,349.0,51.0,52.0,0,2,1
56,1,682.0,270.0,17.0,19.0,0,2,1
57,14,620.0,266.0,17.0,18.0,0,2,1
57,12,755.0,346.0,42.0,29.0,0,2,1
57,10,512.0,319.0,31.0,28.0,0,2,1
57,5,621.0,273.0,20.0,14.0,0,2,1
57,4,564.0,289.0,23.0,20.0,0,2,1
57,2,463.0,353.0,51.0,51.0,0,2,1
57,1,682.0,270.0,17.0,19.0,0,2,1
58,14,620.0,266.0,18.0,18.0,0,2,1
58,12,753.0,344.0,46.0,29.0,0,2,1
58,10,511.0,320.0,31.0,27.0,0,2,1
58,5,621.0,274.0,19.0,13.0,0,2,1
58,4,563.0,288.0,24.0,22.0,0,2,1
58,2,458.0,354.0,54.0,52.0,0,2,1
58,1,682.0,271.0,17.0,18.0,0,2,1
59,12,752.0,342.0,44.0,30.0,0,2,1
59,10,511.0,320.0,30.0,27.0,0,2,1
59,5,621.0,274.0,19.0,14.0,0,2,1
59,4,563.0,288.0,23.0,24.0,0,2,1
59,2,455.0,355.0,54.0,54.0,0,2,1
59,1,682.0,270.0,17.0,18.0,0,2,1
60,12,750.0,340.0,45.0,30.0,0,2,1
60,10,508.0,322.0,32.0,26.0,0,2,1
60,5,620.0,275.0,20.0,13.0,0,2,1
60,4,561.0,288.0,24.0,23.0,0,2,1
60,3,701.0,257.0,19.0,24.0,0,2,1
60,2,451.0,357.0,56.0,55.0,0,2,1
60,1,682.0,269.0,16.0,19.0,0,2,1
61,12,751.0,340.0,39.0,28.0,0,2,1
61,10,506.0,322.0,32.0,28.0,0,2,1
61,5,620.0,275.0,19.0,14.0,0,2,1
61,4,562.0,289.0,23.0,23.0,0,2,1
61,2,447.0,357.0,58.0,59.0,0,2,1
61,1,682.0,269.0,16.0,19.0,0,2,1
62,12,749.0,339.0,40.0,27.0,0,2,1
62,10,505.0,322.0,31.0,29.0,0,2,1
62,5,620.0,276.0,19.0,13.0,0,2,1
62,4,560.0,290.0,24.0,23.0,0,2,1
62,2,443.0,358.0,58.0,60.0,0,2,1
62,1,682.0,269.0,17.0,18.0,0,2,1
63,12,748.0,338.0,40.0,26.0,0,2,1
63,10,503.0,324.0,31.0,29.0,0,2,1
63,5,621.0,277.0,18.0,12.0,0,2,1
63,4,559.0,291.0,25.0,22.0,0,2,1
63,2,438.0,363.0,60.0,61.0,0,2,1
63,1,681.0,269.0,18.0,18.0,0,2,1
64,12,748.0,337.0,40.0,26.0,0,2,1
64,10,500.0,325.0,32.0,31.0,0,2,1
64,5,621.0,277.0,17.0,13.0,0,2,1
64,4,558.0,291.0,24.0,23.0,0,2,1
64,2,435.0,367.0,60.0,60.0,0,2,1
64,1,681.0,268.0,18.0,19.0,0,2,1
65,12,747.0,336.0,42.0,26.0,0,2,1
65,10,498.0,326.0,32.0,32.0,0,2,1
65,5,620.0,278.0,18.0,12.0,0,2,1
65,4,557.0,292.0,24.0,23.0,0,2,1
65,2,429.0,371.0,62.0,61.0,0,2,1
65,1,682.0,268.0,17.0,19.0,0,2,1
66,12,745.0,332.0,36.0,27.0,0,2,1
66,10,496.0,325.0,34.0,33.0,0,2,1
66,5,619.0,278.0,19.0,13.0,0,2,1
66,4,556.0,293.0,24.0,23.0,0,2,1
66,2,424.0,373.0,65.0,63.0,0,2,1
66,1,682.0,268.0,17.0,19.0,0,2,1
67,12,744.0,332.0,34.0,24.0,0,2,1
67,10,495.0,326.0,33.0,33.0,0,2,1
67,5,620.0,279.0,18.0,13.0,0,2,1
67,4,555.0,293.0,23.0,23.0,0,2,1
67,2,419.0,375.0,67.0,65.0,0,2,1
67,1,682.0,268.0,17.0,19.0,0,2,1
68,12,743.0,331.0,35.0,23.0,0,2,1
68,10,493.0,328.0,34.0,33.0,0,2,1
68,5,620.0,280.0,18.0,13.0,0,2,1
68,4,556.0,294.0,21.0,23.0,0,2,1
68,2,413.0,378.0,70.0,65.0,0,2,1
68,1,681.0,268.0,18.0,19.0,0,2,1
69,12,742.0,330.0,35.0,23.0,0,2,1
69,10,491.0,329.0,34.0,33.0,0,2,1
69,5,620.0,281.0,17.0,12.0,0,2,1
69,4,555.0,294.0,21.0,24.0,0,2,1
69,2,408.0,381.0,69.0,68.0,0,2,1
69,1,680.0,266.0,18.0,20.0,0,2,1
70,12,741.0,328.0,37.0,24.0,0,2,1
70,10,489.0,331.0,35.0,33.0,0,2,1
70,5,619.0,282.0,18.0,11.0,0,2,1
70,4,554.0,294.0,22.0,24.0,0,2,1
70,2,402.0,383.0,72.0,72.0,0,2,1
70,1,680.0,265.0,18.0,20.0,0,2,1
71,12,740.0,328.0,39.0,24.0,0,2,1
71,10,486.0,333.0,35.0,32.0,0,2,1
71,5,619.0,281.0,18.0,13.0,0,2,1
71,4,552.0,295.0,23.0,24.0,0,2,1
71,2,396.0,387.0,74.0,74.0,0,2,1
71,1,680.0,265.0,18.0,20.0,0,2,1
72,12,739.0,327.0,38.0,24.0,0,2,1
72,10,484.0,333.0,35.0,34.0,0,2,1
72,5,618.0,281.0,19.0,13.0,0,2,1
72,4,552.0,296.0,23.0,23.0,0,2,1
72,2,389.0,392.0,77.0,75.0,0,2,1
72,1,680.0,265.0,18.0,20.0,0,2,1
73,12,738.0,325.0,34.0,23.0,0,2,1
73,10,481.0,336.0,36.0,33.0,0,2,1
73,5,618.0,281.0,19.0,13.0,0,2,1
73,4,551.0,297.0,24.0,22.0,0,2,1
73,2,382.0,395.0,80.0,77.0,0,2,1
73,1,680.0,265.0,18.0,20.0,0,2,1
74,16,825.0,614.0,153.0,103.0,0,2,1
74,12,736.0,323.0,36.0,25.0,0,2,1
74,10,479.0,336.0,37.0,34.0,0,2,1
74,5,618.0,282.0,18.0,12.0,0,2,1
74,4,549.0,298.0,24.0,21.0,0,2,1
74,2,376.0,398.0,81.0,80.0,0,2,1
74,1,679.0,264.0,19.0,21.0,0,2,1
75,16,816.0,589.0,142.0,128.0,0,2,1
75,12,736.0,323.0,34.0,24.0,0,2,1
75,10,477.0,337.0,36.0,36.0,0,2,1
75,5,618.0,282.0,17.0,13.0,0,2,1
75,4,547.0,299.0,25.0,21.0,0,2,1
75,2,369.0,403.0,82.0,84.0,0,2,1
75,1,679.0,264.0,19.0,20.0,0,2,1
76,16,806.0,572.0,134.0,120.0,0,2,1
76,12,735.0,322.0,35.0,25.0,0,2,1
76,10,474.0,339.0,38.0,36.0,0,2,1
76,5,617.0,283.0,18.0,13.0,0,2,1
76,4,547.0,299.0,24.0,22.0,0,2,1
76,2,360.0,407.0,86.0,85.0,0,2,1
76,1,679.0,264.0,19.0,20.0,0,2,1
77,16,797.0,557.0,125.0,108.0,0,2,1
77,12,736.0,321.0,31.0,24.0,0,2,1
77,10,470.0,340.0,41.0,37.0,0,2,1
77,5,617.0,283.0,18.0,13.0,0,2,1
77,4,546.0,299.0,25.0,22.0,0,2,1
77,2,351.0,412.0,90.0,88.0,0,2,1
77,1,679.0,265.0,19.0,19.0,0,2,1
78,16,789.0,541.0,121.0,102.0,0,2,1
78,12,736.0,320.0,29.0,24.0,0,2,1
78,10,468.0,342.0,41.0,36.0,0,2,1
78,5,616.0,283.0,19.0,14.0,0,2,1
78,4,544.0,299.0,26.0,24.0,0,2,1
78,3,701.0,255.0,15.0,23.0,0,2,1
78,2,343.0,416.0,95.0,93.0,0,2,1
79,16,783.0,528.0,111.0,95.0,0,2,1
79,12,734.0,319.0,30.0,24.0,0,2,1
79,10,465.0,343.0,43.0,38.0,0,2,1
79,5,616.0,283.0,19.0,14.0,0,2,1
79,4,544.0,299.0,26.0,25.0,0,2,1
79,3,701.0,255.0,15.0,23.0,0,2,1
79,2,333.0,422.0,97.0,96.0,0,2,1
80,16,777.0,513.0,105.0,93.0,0,2,1
80,12,734.0,318.0,30.0,23.0,0,2,1
80,10,463.0,342.0,42.0,41.0,0,2,1
80,5,616.0,284.0,18.0,13.0,0,2,1
80,4,543.0,300.0,25.0,25.0,0,2,1
80,3,701.0,255.0,15.0,23.0,0,2,1
80,2,323.0,426.0,102.0,100.0,0,2,1
81,16,772.0,503.0,99.0,86.0,0,2,1
81,12,733.0,317.0,30.0,21.0,0,2,1
81,10,461.0,343.0,42.0,43.0,0,2,1
81,5,616.0,284.0,17.0,13.0,0,2,1
81,4,542.0,300.0,26.0,25.0,0,2,1
81,3,701.0,255.0,15.0,22.0,0,2,1
81,2,312.0,431.0,107.0,104.0,0,2,1
82,16,766.0,491.0,97.0,82.0,0,2,1
82,12,732.0,316.0,31.0,21.0,0,2,1
82,10,457.0,344.0,45.0,44.0,0,2,1
82,5,615.0,284.0,18.0,14.0,0,2,1
82,4,541.0,300.0,26.0,26.0,0,2,1
82,3,701.0,255.0,15.0,22.0,0,2,1
82,2,301.0,439.0,111.0,107.0,0,2,1
83,16,761.0,482.0,92.0,80.0,0,2,1
83,12,731.0,315.0,30.0,21.0,0,2,1
83,10,454.0,345.0,46.0,45.0,0,2,1
83,5,614.0,284.0,18.0,14.0,0,2,1
83,4,540.0,300.0,26.0,27.0,0,2,1
83,3,701.0,254.0,15.0,23.0,0,2,1
83,2,289.0,445.0,117.0,110.0,0,2,1
84,16,755.0,471.0,89.0,76.0,0,2,1
84,12,731.0,315.0,30.0,20.0,0,2,1
84,10,450.0,348.0,48.0,44.0,0,2,1
84,5,614.0,285.0,17.0,14.0,0,2,1
84,4,539.0,302.0,26.0,26.0,0,2,1
84,3,701.0,254.0,15.0,22.0,0,2,1
84,2,276.0,449.0,120.0,120.0,0,2,1
85,16,753.0,464.0,80.0,74.0,0,2,1
85,12,730.0,314.0,29.0,20.0,0,2,1
85,10,447.0,352.0,49.0,42.0,0,2,1
85,5,614.0,285.0,17.0,14.0,0,2,1
85,4,536.0,303.0,30.0,27.0,0,2,1
85,3,701.0,254.0,15.0,22.0,0,2,1
85,2,262.0,458.0,127.0,122.0,0,2,1
86,16,750.0,457.0,79.0,70.0,0,2,1
86,12,729.0,313.0,30.0,20.0,0,2,1
86,10,444.0,353.0,50.0,44.0,0,2,1
86,5,612.0,286.0,19.0,14.0,0,2,1
86,4,535.0,304.0,29.0,26.0,0,2,1
86,3,701.0,253.0,14.0,23.0,0,2,1
86,2,246.0,466.0,132.0,128.0,0,2,1
87,16,745.0,450.0,78.0,67.0,0,2,1
87,12,729.0,313.0,29.0,19.0,0,2,1
87,10,441.0,354.0,50.0,46.0,0,2,1
87,5,612.0,286.0,18.0,14.0,0,2,1
87,4,533.0,304.0,30.0,27.0,0,2,1
87,3,701.0,253.0,14.0,23.0,0,2,1
87,2,230.0,475.0,138.0,134.0,0,2,1
88,16,741.0,444.0,77.0,63.0,0,2,1
88,12,728.0,312.0,30.0,19.0,0,2,1
88,10,437.0,355.0,51.0,47.0,0,2,1
88,5,612.0,287.0,18.0,13.0,0,2,1
88,4,531.0,305.0,31.0,27.0,0,2,1
88,3,701.0,253.0,14.0,23.0,0,2,1
88,2,212.0,484.0,148.0,139.0,0,2,1
89,16,738.0,438.0,74.0,55.0,0,2,1
89,12,727.0,310.0,31.0,21.0,0,2,1
89,10,433.0,355.0,54.0,49.0,0,2,1
89,5,611.0,287.0,19.0,14.0,0,2,1
89,4,530.0,306.0,31.0,27.0,0,2,1
89,3,701.0,254.0,14.0,22.0,0,2,1
89,2,193.0,493.0,155.0,148.0,0,2,1
90,16,737.0,432.0,68.0,52.0,0,2,1
90,12,727.0,309.0,30.0,22.0,0,2,1
90,10,429.0,358.0,54.0,49.0,0,2,1
90,5,610.0,288.0,20.0,13.0,0,2,1
90,4,528.0,307.0,32.0,28.0,0,2,1
90,3,700.0,254.0,15.0,22.0,0,2,1
90,2,171.0,504.0,164.0,153.0,0,2,1
91,16,732.0,426.0,67.0,48.0,0,2,1
91,12,726.0,308.0,31.0,22.0,0,2,1
91,10,427.0,360.0,53.0,50.0,0,2,1
91,5,610.0,288.0,20.0,14.0,0,2,1
91,4,527.0,307.0,34.0,29.0,0,2,1
91,3,700.0,254.0,15.0,22.0,0,2,1
91,2,149.0,516.0,175.0,161.0,0,2,1
92,16,729.0,421.0,66.0,48.0,0,2,1
92,12,726.0,307.0,28.0,21.0,0,2,1
92,10,422.0,362.0,54.0,51.0,0,2,1
92,5,609.0,289.0,21.0,14.0,0,2,1
92,4,526.0,308.0,32.0,28.0,0,2,1
92,3,700.0,254.0,15.0,22.0,0,2,1
92,2,123.0,528.0,186.0,171.0,0,2,1
93,16,727.0,414.0,64.0,50.0,0,2,1
93,12,726.0,306.0,27.0,22.0,0,2,1
93,10,418.0,364.0,55.0,53.0,0,2,1
93,5,608.0,290.0,21.0,13.0,0,2,1
93,4,525.0,309.0,30.0,27.0,0,2,1
93,3,700.0,254.0,15.0,22.0,0,2,1
93,2,97.0,540.0,197.0,176.0,0,2,1
94,16,725.0,412.0,60.0,44.0,0,2,1
94,12,726.0,306.0,27.0,21.0,0,2,1
94,10,414.0,367.0,57.0,53.0,0,2,1
94,5,608.0,290.0,21.0,13.0,0,2,1
94,4,524.0,308.0,30.0,29.0,0,2,1
94,3,700.0,254.0,15.0,21.0,0,2,1
94,2,67.0,557.0,210.0,161.0,0,2,1
95,17,608.0,268.0,19.0,14.0,0,2,1
95,16,724.0,407.0,59.0,47.0,0,2,1
95,12,724.0,306.0,29.0,20.0,0,2,1
95,10,410.0,370.0,57.0,55.0,0,2,1
95,5,608.0,291.0,20.0,13.0,0,2,1
95,4,523.0,309.0,29.0,30.0,0,2,1
95,3,700.0,255.0,15.0,20.0,0,2,1
95,2,32.0,572.0,226.0,145.0,0,2,1
96,17,608.0,268.0,16.0,14.0,0,2,1
96,16,722.0,403.0,59.0,45.0,0,2,1
96,12,724.0,306.0,27.0,19.0,0,2,1
96,10,405.0,371.0,59.0,57.0,0,2,1
96,5,607.0,292.0,21.0,12.0,0,2,1
96,4,521.0,312.0,31.0,29.0,0,2,1
96,3,700.0,255.0,15.0,20.0,0,2,1
97,17,606.0,269.0,16.0,14.0,0,2,1
97,16,721.0,400.0,57.0,42.0,0,2,1
97,12,724.0,305.0,27.0,19.0,0,2,1
97,10,400.0,372.0,59.0,60.0,0,2,1
97,5,606.0,292.0,23.0,13.0,0,2,1
97,4,519.0,312.0,32.0,30.0,0,2,1
97,3,700.0,255.0,15.0,20.0,0,2,1
98,17,606.0,269.0,15.0,14.0,0,2,1
98,16,719.0,395.0,57.0,43.0,0,2,1
98,12,723.0,305.0,28.0,18.0,0,2,1
98,10,395.0,375.0,62.0,62.0,0,2,1
98,5,606.0,292.0,23.0,13.0,0,2,1
98,4,517.0,313.0,33.0,31.0,0,2,1
98,3,700.0,255.0,14.0,20.0,0,2,1
99,17,606.0,270.0,15.0,13.0,0,2,1
99,16,717.0,392.0,54.0,43.0,0,2,1
99,12,723.0,305.0,28.0,18.0,0,2,1
99,10,389.0,378.0,64.0,63.0,0,2,1
99,5,605.0,293.0,23.0,13.0,0,2,1
99,4,516.0,313.0,33.0,32.0,0,2,1
99,3,700.0,255.0,14.0,20.0,0,2,1
100,17,606.0,270.0,15.0,13.0,0,2,1
100,16,714.0,387.0,54.0,40.0,0,2,1
100,12,723.0,304.0,28.0,19.0,0,2,1
100,10,384.0,381.0,65.0,63.0,0,2,1
100,5,603.0,292.0,25.0,15.0,0,2,1
100,4,515.0,314.0,32.0,32.0,0,2,1
100,3,700.0,255.0,15.0,20.0,0,2,1
101,17,605.0,270.0,16.0,13.0,0,2,1
101,16,711.0,382.0,53.0,42.0,0,2,1
101,12,722.0,304.0,26.0,17.0,0,2,1
101,10,380.0,386.0,64.0,62.0,0,2,1
101,5,603.0,293.0,25.0,14.0,0,2,1
101,4,512.0,315.0,34.0,32.0,0,2,1
101,3,700.0,255.0,14.0,20.0,0,2,1
102,17,604.0,270.0,16.0,13.0,0,2,1
102,16,710.0,380.0,51.0,40.0,0,2,1
102,12,721.0,303.0,25.0,17.0,0,2,1
102,10,373.0,386.0,68.0,67.0,0,2,1
102,5,603.0,293.0,24.0,15.0,0,2,1
102,4,511.0,316.0,32.0,31.0,0,2,1
102,3,700.0,255.0,14.0,20.0,0,2,1
103,17,605.0,270.0,16.0,13.0,0,2,1
103,16,709.0,377.0,49.0,41.0,0,2,1
103,12,722.0,302.0,23.0,17.0,0,2,1
103,10,367.0,391.0,70.0,66.0,0,2,1
103,5,603.0,293.0,24.0,16.0,0,2,1
103,4,511.0,318.0,31.0,30.0,0,2,1
103,3,700.0,255.0,14.0,20.0,0,2,1
104,16,708.0,374.0,49.0,38.0,0,2,1
104,12,722.0,302.0,23.0,17.0,0,2,1
104,10,360.0,394.0,72.0,70.0,0,2,1
104,5,602.0,292.0,25.0,17.0,0,2,1
104,4,508.0,318.0,34.0,31.0,0,2,1
104,3,700.0,255.0,14.0,20.0,0,2,1
105,16,706.0,372.0,48.0,36.0,0,2,1
105,12,720.0,302.0,23.0,15.0,0,2,1
105,10,354.0,396.0,74.0,73.0,0,2,1
105,5,601.0,292.0,25.0,18.0,0,2,1
105,4,506.0,319.0,34.0,31.0,0,2,1
105,3,700.0,255.0,14.0,20.0,0,2,1
106,16,705.0,368.0,48.0,37.0,0,2,1
106,12,720.0,302.0,23.0,15.0,0,2,1
106,10,348.0,399.0,76.0,74.0,0,2,1
106,5,600.0,292.0,24.0,18.0,0,2,1
106,4,504.0,320.0,36.0,32.0,0,2,1
106,3,700.0,254.0,14.0,21.0,0,2,1
107,16,704.0,366.0,49.0,37.0,0,2,1
107,12,720.0,301.0,23.0,16.0,0,2,1
107,10,340.0,404.0,79.0,76.0,0,2,1
107,5,600.0,293.0,24.0,18.0,0,2,1
107,4,502.0,321.0,37.0,32.0,0,2,1
107,3,700.0,253.0,14.0,22.0,0,2,1
108,16,704.0,364.0,48.0,36.0,0,2,1
108,12,719.0,301.0,24.0,15.0,0,2,1
108,10,333.0,408.0,80.0,79.0,0,2,1
108,5,600.0,292.0,24.0,19.0,0,2,1
108,4,500.0,322.0,36.0,33.0,0,2,1
108,3,700.0,253.0,14.0,21.0,0,2,1
109,17,603.0,270.0,21.0,15.0,0,2,1
109,16,702.0,360.0,46.0,35.0,0,2,1
109,12,719.0,301.0,23.0,14.0,0,2,1
109,10,324.0,410.0,83.0,83.0,0,2,1
109,5,599.0,295.0,24.0,18.0,0,2,1
109,4,499.0,323.0,37.0,34.0,0,2,1
109,3,700.0,253.0,14.0,21.0,0,2,1
110,18,635.0,256.0,23.0,14.0,0,2,1
110,17,603.0,270.0,22.0,15.0,0,2,1
110,16,701.0,358.0,45.0,35.0,0,2,1
110,12,719.0,299.0,24.0,17.0,0,2,1
110,10,316.0,416.0,87.0,83.0,0,2,1
110,5,598.0,295.0,24.0,18.0,0,2,1
110,4,496.0,324.0,38.0,33.0,0,2,1
110,3,700.0,253.0,14.0,21.0,0,2,1
111,18,635.0,257.0,23.0,14.0,0,2,1
111,17,602.0,271.0,21.0,14.0,0,2,1
111,16,703.0,357.0,38.0,33.0,0,2,1
111,12,717.0,299.0,25.0,16.0,0,2,1
111,10,307.0,420.0,88.0,86.0,0,2,1
111,5,597.0,298.0,26.0,15.0,0,2,1
111,4,495.0,325.0,36.0,34.0,0,2,1
111,3,700.0,253.0,14.0,21.0,0,2,1
112,18,634.0,257.0,24.0,14.0,0,2,1
112,17,599.0,271.0,22.0,14.0,0,2,1
112,16,701.0,356.0,39.0,30.0,0,2,1
112,12,717.0,298.0,24.0,16.0,0,2,1
112,10,298.0,424.0,93.0,91.0,0,2,1
112,5,596.0,300.0,24.0,14.0,0,2,1
112,4,493.0,325.0,37.0,35.0,0,2,1
112,3,700.0,253.0,14.0,21.0,0,2,1
113,17,600.0,271.0,17.0,15.0,0,2,1
113,16,699.0,354.0,40.0,31.0,0,2,1
113,12,717.0,297.0,24.0,17.0,0,2,1
113,10,288.0,430.0,95.0,92.0,0,2,1
113,5,595.0,300.0,23.0,14.0,0,2,1
113,4,491.0,326.0,37.0,35.0,0,2,1
113,3,700.0,253.0,14.0,20.0,0,2,1
114,17,600.0,271.0,17.0,15.0,0,2,1
114,16,698.0,351.0,40.0,30.0,0,2,1
114,12,717.0,296.0,23.0,17.0,0,2,1
114,10,277.0,435.0,100.0,94.0,0,2,1
114,5,595.0,301.0,23.0,15.0,0,2,1
114,4,489.0,327.0,39.0,36.0,0,2,1
114,3,700.0,253.0,14.0,20.0,0,2,1
115,17,600.0,272.0,17.0,14.0,0,2,1
115,16,698.0,349.0,40.0,30.0,0,2,1
115,12,717.0,295.0,23.0,18.0,0,2,1
115,10,267.0,440.0,102.0,99.0,0,2,1
115,5,594.0,301.0,24.0,15.0,0,2,1
115,4,487.0,328.0,39.0,36.0,0,2,1
115,3,700.0,253.0,14.0,20.0,0,2,1
116,17,600.0,272.0,17.0,15.0,0,2,1
116,16,697.0,345.0,38.0,32.0,0,2,1
116,12,717.0,295.0,23.0,17.0,0,2,1
116,10,255.0,447.0,106.0,102.0,0,2,1
116,5,594.0,301.0,22.0,16.0,0,2,1
116,4,484.0,329.0,39.0,37.0,0,2,1
116,3,700.0,253.0,14.0,20.0,0,2,1
117,17,600.0,273.0,16.0,14.0,0,2,1
117,16,697.0,342.0,36.0,32.0,0,2,1
117,12,716.0,294.0,23.0,17.0,0,2,1
117,10,241.0,450.0,116.0,107.0,0,2,1
117,5,593.0,302.0,23.0,16.0,0,2,1
117,4,481.0,330.0,40.0,37.0,0,2,1
117,3,700.0,253.0,14.0,20.0,0,2,1
118,17,599.0,273.0,16.0,14.0,0,2,1
118,16,696.0,341.0,36.0,31.0,0,2,1
118,12,715.0,293.0,23.0,17.0,0,2,1
118,10,229.0,459.0,116.0,110.0,0,2,1
118,5,593.0,304.0,23.0,15.0,0,2,1
118,4,480.0,330.0,39.0,38.0,0,2,1
118,3,700.0,253.0,14.0,20.0,0,2,1
119,17,599.0,274.0,16.0,13.0,0,2,1
119,16,695.0,340.0,37.0,29.0,0,2,1
119,12,714.0,293.0,22.0,16.0,0,2,1
119,10,216.0,466.0,118.0,114.0,0,2,1
119,5,592.0,305.0,23.0,16.0,0,2,1
119,4,478.0,332.0,40.0,38.0,0,2,1
119,3,700.0,253.0,14.0,20.0,0,2,1
120,17,598.0,274.0,16.0,14.0,0,2,1
120,16,696.0,339.0,33.0,28.0,0,2,1
120,12,714.0,291.0,21.0,17.0,0,2,1
120,10,200.0,474.0,127.0,120.0,0,2,1
120,5,591.0,305.0,25.0,16.0,0,2,1
120,4,475.0,333.0,41.0,39.0,0,2,1
120,3,699.0,254.0,15.0,18.0,0,2,1
121,17,597.0,274.0,16.0,15.0,0,2,1
121,16,695.0,338.0,34.0,28.0,0,2,1
121,12,714.0,290.0,20.0,18.0,0,2,1
121,10,183.0,482.0,131.0,127.0,0,2,1
121,5,591.0,306.0,24.0,16.0,0,2,1
121,4,471.0,336.0,44.0,40.0,0,2,1
121,3,699.0,254.0,15.0,18.0,0,2,1
122,17,596.0,274.0,17.0,15.0,0,2,1
122,16,694.0,336.0,35.0,28.0,0,2,1
122,12,713.0,290.0,21.0,17.0,0,2,1
122,10,166.0,490.0,138.0,133.0,0,2,1
122,5,588.0,306.0,26.0,17.0,0,2,1
122,4,469.0,337.0,43.0,40.0,0,2,1
122,3,699.0,253.0,14.0,19.0,0,2,1
123,19,1006.0,613.0,185.0,106.0,0,2,1
123,17,595.0,273.0,18.0,16.0,0,2,1
123,16,694.0,335.0,32.0,27.0,0,2,1
123,12,713.0,290.0,21.0,17.0,0,2,1
123,10,147.0,499.0,147.0,140.0,0,2,1
123,5,587.0,307.0,27.0,17.0,0,2,1
123,4,466.0,339.0,46.0,40.0,0,2,1
123,3,699.0,254.0,14.0,18.0,0,2,1
124,19,990.0,593.0,173.0,121.0,0,2,1
124,17,594.0,273.0,20.0,16.0,0,2,1
124,16,693.0,332.0,34.0,28.0,0,2,1
124,12,712.0,289.0,22.0,17.0,0,2,1
124,10,128.0,508.0,152.0,148.0,0,2,1
124,5,586.0,308.0,29.0,18.0,0,2,1
124,4,464.0,340.0,45.0,41.0,0,2,1
124,3,699.0,254.0,15.0,18.0,0,2,1
125,19,973.0,577.0,163.0,112.0,0,2,1
125,17,594.0,273.0,19.0,16.0,0,2,1
125,16,693.0,330.0,32.0,28.0,0,2,1
125,12,712.0,290.0,22.0,16.0,0,2,1
125,10,103.0,521.0,163.0,154.0,0,2,1
125,5,585.0,308.0,29.0,19.0,0,2,1
125,4,462.0,340.0,45.0,44.0,0,2,1
125,3,699.0,254.0,14.0,18.0,0,2,1
126,19,959.0,560.0,152.0,109.0,0,2,1
126,17,594.0,273.0,19.0,16.0,0,2,1
126,16,693.0,329.0,31.0,27.0,0,2,1
126,12,712.0,290.0,21.0,15.0,0,2,1
126,10,80.0,532.0,171.0,160.0,0,2,1
126,5,584.0,309.0,29.0,19.0,0,2,1
126,4,459.0,341.0,46.0,44.0,0,2,1
126,3,699.0,253.0,14.0,19.0,0,2,1
127,19,947.0,547.0,143.0,103.0,0,2,1
127,17,593.0,273.0,20.0,16.0,0,2,1
127,16,692.0,327.0,31.0,26.0,0,2,1
127,12,712.0,289.0,21.0,16.0,0,2,1
127,10,52.0,544.0,183.0,170.0,0,2,1
127,5,583.0,308.0,27.0,20.0,0,2,1
127,4,454.0,343.0,49.0,45.0,0,2,1
127,3,699.0,253.0,14.0,19.0,0,2,1
128,19,935.0,533.0,134.0,100.0,0,2,1
128,17,593.0,274.0,20.0,16.0,0,2,1
128,16,691.0,325.0,34.0,27.0,0,2,1
128,12,712.0,289.0,21.0,16.0,0,2,1
128,10,25.0,559.0,194.0,156.0,0,2,1
128,5,582.0,309.0,27.0,21.0,0,2,1
128,4,451.0,344.0,51.0,46.0,0,2,1
128,3,699.0,253.0,14.0,19.0,0,2,1
129,19,924.0,522.0,126.0,91.0,0,2,1
129,17,593.0,274.0,20.0,17.0,0,2,1
129,16,691.0,325.0,36.0,26.0,0,2,1
129,12,712.0,289.0,20.0,16.0,0,2,1
129,10,1.0,572.0,207.0,144.0,0,2,1
129,5,582.0,310.0,26.0,21.0,0,2,1
129,4,448.0,344.0,51.0,48.0,0,2,1
129,3,699.0,254.0,14.0,18.0,0,2,1
130,19,913.0,510.0,120.0,90.0,0,2,1
130,17,593.0,274.0,20.0,17.0,0,2,1
130,16,690.0,325.0,33.0,23.0,0,2,1
130,12,711.0,288.0,21.0,16.0,0,2,1
130,10,0.0,579.0,202.0,136.0,0,2,1
130,5,581.0,311.0,25.0,21.0,0,2,1
130,4,446.0,345.0,51.0,49.0,0,2,1
130,3,699.0,254.0,14.0,18.0,0,2,1
131,19,904.0,499.0,114.0,86.0,0,2,1
131,17,592.0,275.0,20.0,16.0,0,2,1
131,16,690.0,323.0,31.0,24.0,0,2,1
131,12,711.0,289.0,21.0,15.0,0,2,1
131,10,1.0,607.0,156.0,109.0,0,2,1
131,5,579.0,313.0,27.0,19.0,0,2,1
131,4,442.0,347.0,55.0,51.0,0,2,1
131,3,699.0,253.0,14.0,18.0,0,2,1
132,19,894.0,487.0,111.0,86.0,0,2,1
132,17,592.0,275.0,18.0,16.0,0,2,1
132,16,690.0,322.0,30.0,24.0,0,2,1
132,12,711.0,288.0,21.0,15.0,0,2,1
132,10,1.0,627.0,133.0,90.0,0,2,1
132,5,578.0,313.0,27.0,20.0,0,2,1
132,4,439.0,352.0,53.0,48.0,0,2,1
132,3,699.0,253.0,14.0,18.0,0,2,1
133,19,886.0,477.0,105.0,83.0,0,2,1
133,18,629.0,261.0,23.0,14.0,0,2,1
133,17,592.0,275.0,16.0,16.0,0,2,1
133,16,690.0,321.0,29.0,24.0,0,2,1
133,12,711.0,287.0,21.0,16.0,0,2,1
133,10,2.0,648.0,101.0,67.0,0,2,1
133,5,578.0,315.0,27.0,19.0,0,2,1
133,4,435.0,354.0,55.0,48.0,0,2,1
133,3,699.0,253.0,14.0,18.0,0,2,1
134,19,879.0,473.0,101.0,77.0,0,2,1
134,17,592.0,274.0,16.0,18.0,0,2,1
134,16,690.0,320.0,29.0,24.0,0,2,1
134,12,711.0,286.0,20.0,16.0,0,2,1
134,5,577.0,315.0,27.0,20.0,0,2,1
134,4,431.0,354.0,57.0,51.0,0,2,1
134,3,699.0,254.0,13.0,17.0,0,2,1
135,19,870.0,465.0,94.0,75.0,0,2,1
135,17,591.0,274.0,18.0,18.0,0,2,1
135,16,690.0,319.0,26.0,23.0,0,2,1
135,12,711.0,286.0,20.0,15.0,0,2,1
135,5,576.0,316.0,27.0,21.0,0,2,1
135,4,428.0,355.0,58.0,53.0,0,2,1
135,3,699.0,254.0,14.0,17.0,0,2,1
136,19,864.0,459.0,93.0,70.0,0,2,1
136,17,591.0,274.0,18.0,19.0,0,2,1
136,16,690.0,318.0,27.0,22.0,0,2,1
136,12,711.0,286.0,21.0,15.0,0,2,1
136,5,573.0,316.0,29.0,22.0,0,2,1
136,4,424.0,357.0,59.0,54.0,0,2,1
136,3,699.0,254.0,14.0,17.0,0,2,1
137,19,858.0,452.0,88.0,63.0,0,2,1
137,17,591.0,274.0,18.0,19.0,0,2,1
137,16,689.0,317.0,30.0,22.0,0,2,1
137,12,711.0,286.0,21.0,15.0,0,2,1
137,5,572.0,317.0,29.0,23.0,0,2,1
137,4,420.0,360.0,59.0,55.0,0,2,1
137,3,699.0,254.0,14.0,16.0,0,2,1
138,19,852.0,446.0,85.0,64.0,0,2,1
138,17,590.0,275.0,18.0,18.0,0,2,1
138,16,688.0,317.0,30.0,20.0,0,2,1
138,12,712.0,286.0,19.0,15.0,0,2,1
138,5,570.0,319.0,29.0,22.0,0,2,1
138,4,416.0,361.0,60.0,57.0,0,2,1
138,3,699.0,254.0,14.0,17.0,0,2,1
139,19,850.0,440.0,75.0,53.0,0,2,1
139,17,590.0,276.0,18.0,18.0,0,2,1
139,16,689.0,317.0,26.0,19.0,0,2,1
139,12,711.0,286.0,19.0,14.0,0,2,1
139,5,569.0,320.0,30.0,23.0,0,2,1
139,4,413.0,362.0,61.0,60.0,0,2,1
139,3,699.0,255.0,14.0,16.0,0,2,1
140,19,842.0,435.0,77.0,54.0,0,2,1
140,17,589.0,275.0,19.0,20.0,0,2,1
140,16,688.0,315.0,27.0,20.0,0,2,1
140,12,711.0,285.0,19.0,15.0,0,2,1
140,5,568.0,321.0,31.0,23.0,0,2,1
140,4,408.0,364.0,63.0,62.0,0,2,1
140,3,699.0,255.0,14.0,16.0,0,2,1
141,19,836.0,429.0,75.0,53.0,0,2,1
141,17,588.0,275.0,21.0,20.0,0,2,1
141,16,688.0,313.0,25.0,20.0,0,2,1
141,12,711.0,285.0,20.0,15.0,0,2,1
141,5,566.0,322.0,33.0,24.0,0,2,1
141,4,404.0,368.0,63.0,61.0,0,2,1
141,3,699.0,254.0,14.0,17.0,0,2,1
142,19,835.0,424.0,68.0,53.0,0,2,1
142,17,588.0,275.0,21.0,20.0,0,2,1
142,16,687.0,312.0,28.0,20.0,0,2,1
142,12,711.0,286.0,20.0,14.0,0,2,1
142,5,565.0,322.0,32.0,25.0,0,2,1
142,4,398.0,370.0,64.0,63.0,0,2,1
142,3,699.0,254.0,13.0,17.0,0,2,1
143,19,828.0,421.0,70.0,49.0,0,2,1
143,17,588.0,277.0,18.0,19.0,0,2,1
143,16,687.0,311.0,28.0,21.0,0,2,1
143,12,711.0,284.0,20.0,16.0,0,2,1
143,5,564.0,324.0,32.0,24.0,0,2,1
143,4,394.0,373.0,66.0,64.0,0,2,1
143,3,697.0,252.0,14.0,18.0,0,2,1
144,19,822.0,416.0,66.0,46.0,0,2,1
144,17,586.0,278.0,19.0,19.0,0,2,1
144,16,686.0,310.0,30.0,20.0,0,2,1
144,12,710.0,284.0,20.0,16.0,0,2,1
144,5,562.0,322.0,33.0,28.0,0,2,1
144,4,388.0,374.0,69.0,67.0,0,2,1
144,3,697.0,252.0,14.0,17.0,0,2,1
145,19,819.0,411.0,64.0,46.0,0,2,1
145,17,586.0,279.0,19.0,18.0,0,2,1
145,16,686.0,310.0,32.0,19.0,0,2,1
145,12,710.0,285.0,20.0,14.0,0,2,1
145,5,559.0,325.0,35.0,26.0,0,2,1
145,4,382.0,376.0,72.0,69.0,0,2,1
146,20,605.0,272.0,20.0,16.0,0,2,1
146,19,819.0,408.0,59.0,44.0,0,2,1
146,17,586.0,280.0,18.0,18.0,0,2,1
146,16,686.0,308.0,28.0,19.0,0,2,1
146,12,711.0,285.0,18.0,13.0,0,2,1
146,5,559.0,325.0,35.0,28.0,0,2,1
146,4,378.0,380.0,72.0,69.0,0,2,1
147,20,605.0,272.0,20.0,15.0,0,2,1
147,19,811.0,403.0,59.0,45.0,0,2,1
147,17,585.0,279.0,19.0,19.0,0,2,1
147,16,686.0,307.0,27.0,20.0,0,2,1
147,12,711.0,285.0,18.0,13.0,0,2,1
147,5,558.0,325.0,33.0,29.0,0,2,1
147,4,372.0,383.0,74.0,71.0,0,2,1
148,19,810.0,399.0,57.0,44.0,0,2,1
148,17,585.0,279.0,19.0,19.0,0,2,1
148,16,687.0,306.0,24.0,20.0,0,2,1
148,12,711.0,285.0,18.0,13.0,0,2,1
148,5,556.0,329.0,34.0,27.0,0,2,1
148,4,366.0,385.0,76.0,74.0,0,2,1
149,19,805.0,397.0,58.0,41.0,0,2,1
149,17,584.0,280.0,19.0,19.0,0,2,1
149,16,687.0,305.0,23.0,19.0,0,2,1
149,12,711.0,284.0,17.0,13.0,0,2,1
149,5,554.0,331.0,34.0,27.0,0,2,1
149,4,359.0,387.0,81.0,78.0,0,2,1
150,19,805.0,394.0,52.0,41.0,0,2,1
150,17,583.0,282.0,20.0,17.0,0,2,1
150,16,687.0,305.0,22.0,18.0,0,2,1
150,12,710.0,283.0,16.0,13.0,0,2,1
150,5,553.0,332.0,34.0,28.0,0,2,1
150,4,353.0,390.0,83.0,81.0,0,2,1
151,20,604.0,272.0,18.0,13.0,0,2,1
151,19,799.0,390.0,53.0,40.0,0,2,1
151,17,582.0,282.0,20.0,17.0,0,2,1
151,16,687.0,304.0,21.0,18.0,0,2,1
151,12,709.0,283.0,17.0,12.0,0,2,1
151,5,551.0,334.0,36.0,27.0,0,2,1
151,4,346.0,393.0,85.0,82.0,0,2,1
152,20,604.0,271.0,19.0,13.0,0,2,1
152,19,796.0,386.0,53.0,38.0,0,2,1
152,17,582.0,282.0,20.0,18.0,0,2,1
152,16,686.0,304.0,22.0,17.0,0,2,1
152,15,628.0,261.0,25.0,16.0,0,2,1
152,12,709.0,283.0,17.0,11.0,0,2,1
152,5,549.0,335.0,35.0,28.0,0,2,1
152,4,339.0,397.0,86.0,85.0,0,2,1
153,20,604.0,270.0,20.0,13.0,0,2,1
153,19,793.0,383.0,53.0,38.0,0,2,1
153,17,581.0,281.0,22.0,19.0,0,2,1
153,16,686.0,303.0,22.0,17.0,0,2,1
153,15,628.0,260.0,25.0,17.0,0,2,1
153,12,710.0,283.0,16.0,11.0,0,2,1
153,5,547.0,336.0,35.0,28.0,0,2,1
153,4,332.0,401.0,90.0,88.0,0,2,1
154,19,791.0,381.0,50.0,36.0,0,2,1
154,17,580.0,281.0,23.0,19.0,0,2,1
154,16,686.0,302.0,22.0,16.0,0,2,1
154,5,545.0,338.0,35.0,29.0,0,2,1
154,4,324.0,406.0,90.0,88.0,0,2,1
155,19,789.0,378.0,48.0,37.0,0,2,1
155,17,579.0,284.0,19.0,16.0,0,2,1
155,16,687.0,302.0,21.0,15.0,0,2,1
155,5,543.0,339.0,36.0,29.0,0,2,1
155,4,316.0,409.0,93.0,93.0,0,2,1
156,19,787.0,375.0,46.0,36.0,0,2,1
156,17,578.0,285.0,19.0,16.0,0,2,1
156,16,687.0,301.0,20.0,15.0,0,2,1
156,5,541.0,341.0,37.0,30.0,0,2,1
156,4,307.0,415.0,99.0,94.0,0,2,1
157,20,607.0,271.0,20.0,12.0,0,2,1
157,19,783.0,372.0,47.0,35.0,0,2,1
157,17,577.0,285.0,20.0,16.0,0,2,1
157,16,687.0,301.0,20.0,14.0,0,2,1
157,5,540.0,342.0,36.0,31.0,0,2,1
157,4,297.0,417.0,101.0,101.0,0,2,1
158,20,606.0,272.0,19.0,12.0,0,2,1
158,19,782.0,370.0,46.0,33.0,0,2,1
158,17,577.0,285.0,20.0,17.0,0,2,1
158,16,686.0,301.0,21.0,14.0,0,2,1
158,5,537.0,345.0,37.0,31.0,0,2,1
158,4,289.0,421.0,102.0,103.0,0,2,1
159,20,606.0,272.0,19.0,13.0,0,2,1
159,19,780.0,368.0,44.0,33.0,0,2,1
159,17,576.0,285.0,19.0,17.0,0,2,1
159,16,686.0,299.0,20.0,15.0,0,2,1
159,12,708.0,281.0,16.0,11.0,0,2,1
159,5,533.0,348.0,41.0,31.0,0,2,1
159,4,278.0,427.0,108.0,105.0,0,2,1
160,20,602.0,272.0,22.0,14.0,0,2,1
160,19,777.0,365.0,46.0,34.0,0,2,1
160,17,575.0,286.0,20.0,17.0,0,2,1
160,16,685.0,298.0,22.0,16.0,0,2,1
160,12,706.0,279.0,18.0,11.0,0,2,1
160,5,531.0,349.0,41.0,31.0,0,2,1
160,4,268.0,433.0,110.0,108.0,0,2,1
161,20,601.0,272.0,23.0,14.0,0,2,1
161,19,775.0,363.0,45.0,33.0,0,2,1
161,17,575.0,286.0,21.0,17.0,0,2,1
161,16,685.0,297.0,22.0,18.0,0,2,1
161,12,706.0,278.0,18.0,12.0,0,2,1
161,5,529.0,350.0,40.0,33.0,0,2,1
161,4,256.0,439.0,118.0,113.0,0,2,1
162,20,601.0,272.0,23.0,14.0,0,2,1
162,19,774.0,360.0,43.0,35.0,0,2,1
162,17,574.0,286.0,20.0,17.0,0,2,1
162,16,685.0,296.0,22.0,18.0,0,2,1
162,15,625.0,259.0,30.0,21.0,0,2,1
162,12,706.0,278.0,18.0,12.0,0,2,1
162,5,528.0,351.0,42.0,35.0,0,2,1
162,4,243.0,446.0,122.0,114.0,0,2,1
163,20,601.0,272.0,23.0,14.0,0,2,1
163,19,772.0,360.0,45.0,33.0,0,2,1
163,17,573.0,286.0,20.0,17.0,0,2,1
163,16,685.0,295.0,21.0,18.0,0,2,1
163,15,625.0,260.0,29.0,21.0,0,2,1
163,12,706.0,277.0,17.0,13.0,0,2,1
163,5,525.0,352.0,43.0,36.0,0,2,1
163,4,230.0,451.0,129.0,119.0,0,2,1
164,20,601.0,273.0,24.0,13.0,0,2,1
164,19,770.0,356.0,42.0,33.0,0,2,1
164,17,572.0,286.0,21.0,18.0,0,2,1
164,16,685.0,295.0,20.0,17.0,0,2,1
164,15,625.0,260.0,29.0,21.0,0,2,1
164,12,705.0,278.0,18.0,12.0,0,2,1
164,5,522.0,353.0,44.0,38.0,0,2,1
164,4,216.0,458.0,133.0,126.0,0,2,1
165,19,768.0,355.0,43.0,32.0,0,2,1
165,17,571.0,286.0,22.0,18.0,0,2,1
165,16,685.0,294.0,20.0,17.0,0,2,1
165,15,625.0,260.0,30.0,22.0,0,2,1
165,12,705.0,277.0,18.0,13.0,0,2,1
165,5,518.0,357.0,45.0,37.0,0,2,1
165,4,202.0,467.0,135.0,129.0,0,2,1
166,19,766.0,352.0,49.0,33.0,0,2,1
166,17,570.0,286.0,22.0,19.0,0,2,1
166,16,685.0,294.0,20.0,16.0,0,2,1
166,15,625.0,260.0,29.0,22.0,0,2,1
166,12,704.0,277.0,18.0,12.0,0,2,1
166,5,516.0,359.0,46.0,39.0,0,2,1
166,4,186.0,473.0,143.0,138.0,0,2,1
167,19,764.0,349.0,46.0,33.0,0,2,1
167,17,570.0,287.0,22.0,18.0,0,2,1
167,16,685.0,293.0,20.0,17.0,0,2,1
167,15,625.0,261.0,28.0,20.0,0,2,1
167,12,704.0,276.0,17.0,13.0,0,2,1
167,5,512.0,362.0,48.0,39.0,0,2,1
167,4,169.0,481.0,150.0,144.0,0,2,1
168,19,763.0,348.0,41.0,31.0,0,2,1
168,17,570.0,287.0,21.0,19.0,0,2,1
168,16,685.0,293.0,19.0,16.0,0,2,1
168,15,625.0,261.0,27.0,20.0,0,2,1
168,12,704.0,276.0,14.0,11.0,0,2,1
168,5,510.0,364.0,49.0,39.0,0,2,1
168,4,150.0,488.0,159.0,154.0,0,2,1
169,19,762.0,345.0,39.0,31.0,0,2,1
169,18,623.0,268.0,21.0,18.0,0,2,1
169,17,569.0,287.0,21.0,20.0,0,2,1
169,16,685.0,292.0,19.0,16.0,0,2,1
169,15,625.0,260.0,26.0,21.0,0,2,1
169,14,597.0,276.0,25.0,15.0,0,2,1
169,12,704.0,276.0,15.0,12.0,0,2,1
169,5,508.0,368.0,50.0,39.0,0,2,1
169,4,131.0,500.0,167.0,157.0,0,2,1
170,19,762.0,342.0,34.0,30.0,0,2,1
170,17,569.0,286.0,21.0,21.0,0,2,1
170,16,685.0,293.0,19.0,14.0,0,2,1
170,15,625.0,260.0,26.0,23.0,0,2,1
170,14,597.0,275.0,26.0,16.0,0,2,1
170,5,503.0,371.0,52.0,41.0,0,2,1
170,4,108.0,510.0,177.0,162.0,0,2,1
171,19,760.0,342.0,35.0,30.0,0,2,1
171,17,568.0,286.0,22.0,21.0,0,2,1
171,16,685.0,292.0,18.0,15.0,0,2,1
171,15,625.0,261.0,25.0,22.0,0,2,1
171,5,500.0,372.0,52.0,44.0,0,2,1
171,4,85.0,520.0,185.0,174.0,0,2,1
172,19,756.0,341.0,39.0,30.0,0,2,1
172,17,568.0,286.0,21.0,22.0,0,2,1
172,16,685.0,292.0,18.0,14.0,0,2,1
172,15,625.0,260.0,25.0,21.0,0,2,1
172,5,497.0,375.0,51.0,44.0,0,2,1
172,4,59.0,530.0,196.0,183.0,0,2,1
173,19,754.0,340.0,41.0,29.0,0,2,1
173,17,567.0,286.0,22.0,22.0,0,2,1
173,16,684.0,292.0,21.0,13.0,0,2,1
173,15,625.0,260.0,25.0,19.0,0,2,1
173,5,494.0,378.0,52.0,45.0,0,2,1
173,4,32.0,544.0,209.0,172.0,0,2,1
174,19,753.0,338.0,42.0,30.0,0,2,1
174,18,620.0,270.0,22.0,18.0,0,2,1
174,17,566.0,288.0,22.0,21.0,0,2,1
174,16,684.0,291.0,21.0,14.0,0,2,1
174,15,624.0,260.0,27.0,18.0,0,2,1
174,14,593.0,279.0,21.0,15.0,0,2,1
174,12,705.0,275.0,13.0,10.0,0,2,1
174,5,490.0,381.0,55.0,46.0,0,2,1
174,4,2.0,559.0,223.0,157.0,0,2,1
175,19,752.0,337.0,35.0,28.0,0,2,1
175,18,619.0,270.0,24.0,19.0,0,2,1
175,17,564.0,289.0,23.0,21.0,0,2,1
175,16,684.0,291.0,19.0,13.0,0,2,1
175,15,624.0,260.0,28.0,18.0,0,2,1
175,14,595.0,278.0,28.0,14.0,0,2,1
175,12,704.0,275.0,12.0,11.0,0,2,1
175,5,485.0,385.0,59.0,47.0,0,2,1
175,4,1.0,572.0,209.0,143.0,0,2,1
176,19,750.0,336.0,37.0,28.0,0,2,1
176,18,619.0,269.0,25.0,21.0,0,2,1
176,17,563.0,288.0,24.0,24.0,0,2,1
176,16,684.0,290.0,19.0,13.0,0,2,1
176,15,624.0,259.0,28.0,20.0,0,2,1
176,14,591.0,279.0,24.0,15.0,0,2,1
176,12,704.0,275.0,12.0,11.0,0,2,1
176,5,481.0,388.0,58.0,49.0,0,2,1
176,4,0.0,573.0,211.0,142.0,0,2,1
177,19,750.0,335.0,35.0,27.0,0,2,1
177,18,619.0,268.0,25.0,22.0,0,2,1
177,17,562.0,289.0,25.0,23.0,0,2,1
177,16,684.0,289.0,18.0,13.0,0,2,1
177,15,623.0,259.0,30.0,22.0,0,2,1
177,12,704.0,274.0,13.0,11.0,0,2,1
177,5,478.0,392.0,58.0,48.0,0,2,1
177,4,1.0,584.0,191.0,133.0,0,2,1
178,19,750.0,334.0,34.0,26.0,0,2,1
178,18,620.0,268.0,25.0,22.0,0,2,1
178,17,561.0,289.0,26.0,23.0,0,2,1
178,16,684.0,289.0,18.0,13.0,0,2,1
178,15,624.0,258.0,30.0,24.0,0,2,1
178,5,474.0,395.0,60.0,51.0,0,2,1
179,19,749.0,331.0,34.0,27.0,0,2,1
179,18,619.0,269.0,25.0,22.0,0,2,1
179,17,560.0,290.0,26.0,22.0,0,2,1
179,16,683.0,289.0,18.0,12.0,0,2,1
179,15,624.0,258.0,30.0,24.0,0,2,1
179,5,467.0,400.0,64.0,52.0,0,2,1
180,19,748.0,330.0,32.0,24.0,0,2,1
180,18,618.0,269.0,25.0,22.0,0,2,1
180,17,559.0,291.0,27.0,22.0,0,2,1
180,16,683.0,289.0,18.0,12.0,0,2,1
180,15,624.0,258.0,31.0,23.0,0,2,1
180,14,591.0,281.0,22.0,14.0,0,2,1
180,5,464.0,403.0,64.0,54.0,0,2,1
181,19,747.0,330.0,32.0,23.0,0,2,1
181,18,618.0,268.0,26.0,23.0,0,2,1
181,17,558.0,291.0,28.0,23.0,0,2,1
181,16,683.0,288.0,18.0,13.0,0,2,1
181,15,623.0,258.0,32.0,24.0,0,2,1
181,14,592.0,280.0,23.0,15.0,0,2,1
181,5,458.0,407.0,67.0,58.0,0,2,1
182,19,745.0,329.0,32.0,22.0,0,2,1
182,18,618.0,268.0,26.0,23.0,0,2,1
182,17,558.0,292.0,25.0,22.0,0,2,1
182,16,684.0,288.0,17.0,13.0,0,2,1
182,15,623.0,258.0,32.0,25.0,0,2,1
182,14,592.0,282.0,22.0,14.0,0,2,1
182,12,704.0,272.0,11.0,13.0,0,2,1
182,5,453.0,411.0,68.0,60.0,0,2,1
183,19,744.0,328.0,33.0,22.0,0,2,1
183,18,618.0,268.0,26.0,22.0,0,2,1
183,17,556.0,292.0,26.0,23.0,0,2,1
183,15,623.0,259.0,31.0,23.0,0,2,1
183,14,591.0,284.0,19.0,13.0,0,2,1
183,12,703.0,272.0,13.0,13.0,0,2,1
183,5,447.0,417.0,71.0,59.0,0,2,1
184,19,743.0,325.0,33.0,24.0,0,2,1
184,18,617.0,269.0,25.0,22.0,0,2,1
184,17,556.0,292.0,24.0,24.0,0,2,1
184,15,624.0,259.0,30.0,21.0,0,2,1
184,14,590.0,283.0,20.0,14.0,0,2,1
184,12,703.0,272.0,13.0,12.0,0,2,1
184,5,443.0,423.0,70.0,60.0,0,2,1
185,19,742.0,324.0,32.0,24.0,0,2,1
185,18,616.0,270.0,24.0,22.0,0,2,1
185,17,554.0,293.0,25.0,23.0,0,2,1
185,15,626.0,259.0,28.0,19.0,0,2,1
185,14,589.0,284.0,21.0,12.0,0,2,1
185,12,703.0,271.0,13.0,13.0,0,2,1
185,5,436.0,428.0,75.0,63.0,0,2,1
186,19,742.0,322.0,30.0,25.0,0,2,1
186,18,617.0,270.0,23.0,22.0,0,2,1
186,17,555.0,293.0,23.0,24.0,0,2,1
186,14,586.0,284.0,22.0,13.0,0,2,1
186,12,703.0,271.0,12.0,13.0,0,2,1
186,5,429.0,433.0,77.0,66.0,0,2,1
187,19,740.0,322.0,31.0,24.0,0,2,1
187,18,617.0,269.0,24.0,24.0,0,2,1
187,17,554.0,294.0,23.0,23.0,0,2,1
187,16,685.0,286.0,14.0,12.0,0,2,1
187,14,586.0,284.0,22.0,14.0,0,2,1
187,12,703.0,272.0,12.0,13.0,0,2,1
187,5,422.0,440.0,81.0,69.0,0,2,1
188,19,740.0,321.0,29.0,24.0,0,2,1
188,18,617.0,271.0,23.0,22.0,0,2,1
188,17,553.0,296.0,23.0,22.0,0,2,1
188,14,584.0,286.0,21.0,13.0,0,2,1
188,5,415.0,444.0,83.0,72.0,0,2,1
189,19,739.0,321.0,30.0,23.0,0,2,1
189,18,617.0,271.0,23.0,22.0,0,2,1
189,17,553.0,296.0,23.0,23.0,0,2,1
189,14,589.0,284.0,22.0,14.0,0,2,1
189,5,406.0,451.0,88.0,77.0,0,2,1
190,19,738.0,320.0,29.0,22.0,0,2,1
190,18,617.0,271.0,22.0,23.0,0,2,1
190,17,552.0,296.0,24.0,23.0,0,2,1
190,14,587.0,284.0,21.0,15.0,0,2,1
190,5,399.0,458.0,91.0,79.0,0,2,1
191,19,737.0,320.0,30.0,19.0,0,2,1
191,18,617.0,272.0,22.0,22.0,0,2,1
191,17,549.0,298.0,27.0,22.0,0,2,1
191,15,635.0,261.0,19.0,15.0,0,2,1
191,14,587.0,283.0,24.0,15.0,0,2,1
191,5,389.0,462.0,96.0,87.0,0,2,1
192,19,737.0,317.0,28.0,22.0,0,2,1
192,18,616.0,272.0,23.0,23.0,0,2,1
192,17,547.0,297.0,28.0,23.0,0,2,1
192,15,635.0,261.0,18.0,15.0,0,2,1
192,14,586.0,283.0,24.0,16.0,0,2,1
192,5,379.0,475.0,100.0,88.0,0,2,1
193,19,737.0,316.0,27.0,21.0,0,2,1
193,18,616.0,271.0,22.0,24.0,0,2,1
193,17,547.0,297.0,27.0,23.0,0,2,1
193,15,635.0,261.0,18.0,15.0,0,2,1
193,14,585.0,285.0,23.0,16.0,0,2,1
193,5,370.0,484.0,103.0,91.0,0,2,1
194,19,736.0,315.0,26.0,21.0,0,2,1
194,18,616.0,272.0,22.0,23.0,0,2,1
194,17,546.0,297.0,27.0,24.0,0,2,1
194,15,634.0,261.0,18.0,15.0,0,2,1
194,14,585.0,286.0,22.0,17.0,0,2,1
194,5,358.0,491.0,108.0,100.0,0,2,1
195,19,735.0,315.0,26.0,20.0,0,2,1
195,18,616.0,272.0,22.0,24.0,0,2,1
195,17,545.0,298.0,27.0,24.0,0,2,1
195,15,634.0,261.0,19.0,15.0,0,2,1
195,14,586.0,285.0,23.0,18.0,0,2,1
195,5,346.0,502.0,114.0,102.0,0,2,1
196,19,734.0,313.0,25.0,20.0,0,2,1
196,18,615.0,272.0,23.0,25.0,0,2,1
196,17,544.0,298.0,28.0,26.0,0,2,1
196,15,635.0,260.0,18.0,17.0,0,2,1
196,14,585.0,284.0,24.0,19.0,0,2,1
196,5,332.0,513.0,121.0,111.0,0,2,1
197,19,734.0,313.0,25.0,19.0,0,2,1
197,18,615.0,274.0,23.0,24.0,0,2,1
197,17,543.0,300.0,27.0,24.0,0,2,1
197,15,634.0,261.0,18.0,16.0,0,2,1
197,14,583.0,285.0,26.0,19.0,0,2,1
197,5,317.0,526.0,128.0,118.0,0,2,1
198,19,732.0,313.0,27.0,19.0,0,2,1
198,18,613.0,277.0,24.0,22.0,0,2,1
198,17,543.0,302.0,27.0,23.0,0,2,1
198,15,634.0,261.0,18.0,16.0,0,2,1
198,14,583.0,286.0,27.0,18.0,0,2,1
198,5,301.0,538.0,136.0,127.0,0,2,1
199,19,732.0,312.0,27.0,19.0,0,2,1
199,18,613.0,279.0,22.0,20.0,0,2,1
199,17,542.0,302.0,26.0,24.0,0,2,1
199,15,634.0,262.0,19.0,15.0,0,2,1
199,14,584.0,285.0,28.0,19.0,0,2,1
199,5,284.0,542.0,143.0,150.0,0,2,1
200,19,731.0,310.0,28.0,20.0,0,2,1
200,18,612.0,278.0,23.0,21.0,0,2,1
200,17,542.0,303.0,26.0,23.0,0,2,1
200,15,634.0,261.0,19.0,16.0,0,2,1
200,14,578.0,286.0,32.0,16.0,0,2,1
200,5,263.0,560.0,154.0,154.0,0,2,1
201,19,730.0,308.0,28.0,21.0,0,2,1
201,18,612.0,278.0,24.0,22.0,0,2,1
201,17,539.0,304.0,28.0,23.0,0,2,1
201,15,634.0,260.0,19.0,18.0,0,2,1
201,14,581.0,285.0,29.0,18.0,0,2,1
201,5,241.0,588.0,163.0,129.0,0,2,1
202,19,729.0,307.0,27.0,22.0,0,2,1
202,18,611.0,280.0,24.0,21.0,0,2,1
202,17,539.0,302.0,27.0,26.0,0,2,1
202,15,634.0,261.0,18.0,16.0,0,2,1
202,5,223.0,608.0,171.0,109.0,0,2,1
203,22,576.0,289.0,26.0,16.0,0,2,1
203,19,728.0,306.0,28.0,21.0,0,2,1
203,18,610.0,279.0,24.0,23.0,0,2,1
203,17,538.0,304.0,27.0,26.0,0,2,1
203,16,683.0,276.0,16.0,13.0,0,2,1
203,15,634.0,261.0,18.0,16.0,0,2,1
203,5,208.0,630.0,171.0,88.0,0,2,1
204,22,576.0,289.0,25.0,16.0,0,2,1
204,19,728.0,306.0,26.0,21.0,0,2,1
204,18,608.0,280.0,23.0,21.0,0,2,1
204,17,537.0,305.0,28.0,25.0,0,2,1
204,15,633.0,261.0,19.0,16.0,0,2,1
204,5,204.0,654.0,157.0,63.0,0,2,1
205,22,575.0,289.0,27.0,16.0,0,2,1
205,19,728.0,305.0,24.0,21.0,0,2,1
205,18,608.0,281.0,23.0,21.0,0,2,1
205,17,536.0,306.0,27.0,25.0,0,2,1
205,15,633.0,262.0,18.0,15.0,0,2,1
205,5,199.0,681.0,142.0,36.0,0,2,1
206,22,575.0,289.0,23.0,17.0,0,2,1
206,19,727.0,305.0,26.0,20.0,0,2,1
206,18,608.0,283.0,23.0,21.0,0,2,1
206,17,533.0,306.0,29.0,27.0,0,2,1
206,15,632.0,262.0,19.0,15.0,0,2,1
207,22,574.0,290.0,22.0,16.0,0,2,1
207,19,726.0,305.0,25.0,19.0,0,2,1
207,18,607.0,283.0,24.0,21.0,0,2,1
207,17,532.0,307.0,29.0,26.0,0,2,1
207,15,631.0,262.0,20.0,15.0,0,2,1
208,22,573.0,289.0,23.0,17.0,0,2,1
208,19,726.0,305.0,25.0,18.0,0,2,1
208,18,607.0,283.0,24.0,21.0,0,2,1
208,17,530.0,308.0,32.0,27.0,0,2,1
208,15,630.0,262.0,21.0,16.0,0,2,1
209,22,573.0,289.0,25.0,18.0,0,2,1
209,19,726.0,303.0,25.0,20.0,0,2,1
209,18,607.0,284.0,23.0,20.0,0,2,1
209,17,528.0,309.0,33.0,26.0,0,2,1
209,15,630.0,263.0,20.0,15.0,0,2,1
210,22,574.0,290.0,22.0,17.0,0,2,1
210,19,726.0,303.0,24.0,18.0,0,2,1
210,18,607.0,285.0,23.0,20.0,0,2,1
210,17,528.0,310.0,30.0,25.0,0,2,1
210,15,631.0,263.0,19.0,15.0,0,2,1
211,22,572.0,288.0,27.0,19.0,0,2,1
211,19,725.0,303.0,24.0,17.0,0,2,1
211,18,607.0,285.0,22.0,20.0,0,2,1
211,17,527.0,312.0,30.0,24.0,0,2,1
211,15,630.0,263.0,20.0,15.0,0,2,1
212,22,570.0,291.0,21.0,18.0,0,2,1
212,19,725.0,302.0,23.0,18.0,0,2,1
212,18,607.0,285.0,22.0,20.0,0,2,1
212,17,524.0,314.0,30.0,23.0,0,2,1
212,15,629.0,264.0,20.0,14.0,0,2,1
212,14,580.0,287.0,28.0,20.0,0,2,1
213,22,569.0,288.0,27.0,21.0,0,2,1
213,19,724.0,301.0,24.0,17.0,0,2,1
213,18,606.0,286.0,22.0,20.0,0,2,1
213,17,523.0,313.0,30.0,25.0,0,2,1
213,15,628.0,264.0,21.0,14.0,0,2,1
213,14,578.0,287.0,30.0,21.0,0,2,1
214,22,567.0,290.0,25.0,21.0,0,2,1
214,19,724.0,301.0,23.0,16.0,0,2,1
214,18,605.0,288.0,22.0,18.0,0,2,1
214,17,523.0,313.0,29.0,27.0,0,2,1
214,15,628.0,264.0,21.0,14.0,0,2,1
215,22,567.0,290.0,25.0,21.0,0,2,1
215,19,723.0,300.0,23.0,17.0,0,2,1
215,18,605.0,288.0,22.0,19.0,0,2,1
215,17,522.0,313.0,29.0,29.0,0,2,1
215,15,628.0,264.0,20.0,14.0,0,2,1
216,22,565.0,291.0,28.0,21.0,0,2,1
216,19,723.0,300.0,22.0,16.0,0,2,1
216,18,605.0,288.0,22.0,19.0,0,2,1
216,17,519.0,314.0,31.0,29.0,0,2,1
216,15,628.0,264.0,19.0,14.0,0,2,1
217,22,566.0,290.0,32.0,22.0,0,2,1
217,19,722.0,299.0,22.0,17.0,0,2,1
217,18,604.0,288.0,22.0,20.0,0,2,1
217,17,517.0,315.0,32.0,30.0,0,2,1
217,15,628.0,264.0,19.0,14.0,0,2,1
218,22,563.0,293.0,28.0,21.0,0,2,1
218,19,722.0,299.0,22.0,16.0,0,2,1
218,18,603.0,288.0,22.0,21.0,0,2,1
218,17,516.0,317.0,32.0,29.0,0,2,1
218,15,627.0,265.0,19.0,14.0,0,2,1
219,22,563.0,293.0,30.0,22.0,0,2,1
219,19,722.0,298.0,21.0,17.0,0,2,1
219,18,602.0,288.0,23.0,22.0,0,2,1
219,17,514.0,318.0,33.0,29.0,0,2,1
219,15,627.0,264.0,18.0,15.0,0,2,1
220,22,561.0,296.0,26.0,19.0,0,2,1
220,19,721.0,297.0,21.0,17.0,0,2,1
220,18,602.0,288.0,22.0,23.0,0,2,1
220,17,512.0,319.0,33.0,29.0,0,2,1
220,15,626.0,264.0,19.0,15.0,0,2,1
221,22,561.0,297.0,21.0,19.0,0,2,1
221,19,720.0,297.0,22.0,16.0,0,2,1
221,18,601.0,289.0,23.0,23.0,0,2,1
221,17,511.0,320.0,33.0,29.0,0,2,1
221,15,626.0,265.0,19.0,14.0,0,2,1
222,22,559.0,300.0,23.0,15.0,0,2,1
222,19,720.0,297.0,22.0,15.0,0,2,1
222,18,600.0,290.0,23.0,22.0,0,2,1
222,17,510.0,321.0,32.0,28.0,0,2,1
222,15,627.0,265.0,18.0,15.0,0,2,1
222,14,575.0,287.0,24.0,24.0,0,2,1
223,22,558.0,301.0,23.0,15.0,0,2,1
223,19,720.0,295.0,21.0,17.0,0,2,1
223,18,600.0,290.0,22.0,23.0,0,2,1
223,17,509.0,321.0,33.0,29.0,0,2,1
223,15,625.0,266.0,20.0,14.0,0,2,1
223,14,575.0,287.0,25.0,24.0,0,2,1
224,22,558.0,302.0,23.0,16.0,0,2,1
224,19,719.0,293.0,21.0,18.0,0,2,1
224,18,599.0,291.0,23.0,23.0,0,2,1
224,17,506.0,322.0,34.0,30.0,0,2,1
224,15,625.0,268.0,19.0,13.0,0,2,1
224,14,575.0,288.0,24.0,22.0,0,2,1
225,22,556.0,301.0,24.0,18.0,0,2,1
225,19,719.0,293.0,21.0,17.0,0,2,1
225,18,598.0,291.0,23.0,23.0,0,2,1
225,17,504.0,322.0,36.0,31.0,0,2,1
225,15,626.0,267.0,19.0,14.0,0,2,1
225,14,576.0,288.0,23.0,21.0,0,2,1
226,22,555.0,303.0,23.0,17.0,0,2,1
226,19,719.0,292.0,20.0,17.0,0,2,1
226,18,597.0,291.0,24.0,24.0,0,2,1
226,17,502.0,323.0,37.0,31.0,0,2,1
226,15,626.0,267.0,19.0,14.0,0,2,1
226,14,576.0,287.0,22.0,20.0,0,2,1
227,22,554.0,302.0,22.0,19.0,0,2,1
227,19,719.0,292.0,19.0,16.0,0,2,1
227,18,597.0,293.0,24.0,23.0,0,2,1
227,17,499.0,324.0,38.0,33.0,0,2,1
227,15,625.0,267.0,19.0,15.0,0,2,1
227,14,575.0,288.0,22.0,18.0,0,2,1
228,22,552.0,301.0,25.0,20.0,0,2,1
228,19,718.0,290.0,21.0,17.0,0,2,1
228,18,595.0,295.0,25.0,22.0,0,2,1
228,17,497.0,324.0,38.0,35.0,0,2,1
228,15,625.0,268.0,19.0,13.0,0,2,1
228,14,574.0,289.0,23.0,17.0,0,2,1
229,22,554.0,302.0,22.0,19.0,0,2,1
229,19,718.0,290.0,20.0,16.0,0,2,1
229,18,595.0,296.0,24.0,21.0,0,2,1
229,17,495.0,325.0,39.0,34.0,0,2,1
229,15,625.0,268.0,19.0,14.0,0,2,1
229,14,573.0,288.0,24.0,19.0,0,2,1
230,22,553.0,303.0,22.0,18.0,0,2,1
230,19,717.0,291.0,22.0,14.0,0,2,1
230,18,594.0,298.0,26.0,20.0,0,2,1
230,17,494.0,326.0,38.0,34.0,0,2,1
230,15,625.0,267.0,19.0,15.0,0,2,1
230,14,573.0,289.0,24.0,19.0,0,2,1
231,22,552.0,304.0,23.0,18.0,0,2,1
231,20,594.0,278.0,15.0,11.0,0,2,1
231,19,717.0,291.0,20.0,15.0,0,2,1
231,18,592.0,297.0,27.0,22.0,0,2,1
231,17,492.0,326.0,38.0,36.0,0,2,1
231,15,625.0,267.0,19.0,15.0,0,2,1
231,14,572.0,290.0,22.0,17.0,0,2,1
232,22,551.0,303.0,24.0,18.0,0,2,1
232,20,594.0,278.0,15.0,11.0,0,2,1
232,19,717.0,291.0,20.0,14.0,0,2,1
232,18,592.0,297.0,26.0,24.0,0,2,1
232,17,490.0,327.0,39.0,37.0,0,2,1
232,15,625.0,267.0,19.0,15.0,0,2,1
232,14,571.0,291.0,21.0,16.0,0,2,1
233,22,551.0,305.0,23.0,17.0,0,2,1
233,20,593.0,277.0,15.0,12.0,0,2,1
233,19,718.0,291.0,18.0,13.0,0,2,1
233,18,591.0,298.0,27.0,23.0,0,2,1
233,17,488.0,328.0,39.0,37.0,0,2,1
233,15,624.0,267.0,20.0,16.0,0,2,1
233,14,571.0,292.0,20.0,15.0,0,2,1
234,22,548.0,306.0,25.0,18.0,0,2,1
234,20,593.0,277.0,14.0,12.0,0,2,1
234,19,717.0,291.0,19.0,13.0,0,2,1
234,18,592.0,300.0,27.0,22.0,0,2,1
234,17,485.0,329.0,41.0,38.0,0,2,1
234,15,625.0,268.0,19.0,15.0,0,2,1
234,14,571.0,291.0,19.0,17.0,0,2,1
235,22,547.0,306.0,25.0,18.0,0,2,1
235,20,592.0,277.0,16.0,12.0,0,2,1
235,19,716.0,291.0,20.0,13.0,0,2,1
235,18,591.0,299.0,25.0,24.0,0,2,1
235,17,483.0,331.0,41.0,37.0,0,2,1
235,15,624.0,267.0,21.0,17.0,0,2,1
235,14,570.0,292.0,20.0,15.0,0,2,1
236,22,547.0,306.0,24.0,20.0,0,2,1
236,19,715.0,291.0,20.0,12.0,0,2,1
236,18,590.0,300.0,25.0,24.0,0,2,1
236,17,481.0,331.0,42.0,39.0,0,2,1
236,15,624.0,268.0,20.0,17.0,0,2,1
236,14,569.0,291.0,20.0,16.0,0,2,1
237,22,546.0,308.0,25.0,19.0,0,2,1
237,19,714.0,290.0,20.0,12.0,0,2,1
237,18,590.0,301.0,24.0,24.0,0,2,1
237,17,480.0,334.0,39.0,39.0,0,2,1
237,15,624.0,269.0,20.0,16.0,0,2,1
237,14,569.0,289.0,20.0,17.0,0,2,1
238,22,545.0,308.0,23.0,19.0,0,2,1
238,19,714.0,290.0,20.0,12.0,0,2,1
238,18,589.0,303.0,25.0,23.0,0,2,1
238,17,478.0,335.0,40.0,39.0,0,2,1
238,15,624.0,269.0,20.0,17.0,0,2,1
238,14,568.0,291.0,23.0,21.0,0,2,1
239,22,544.0,309.0,24.0,18.0,0,2,1
239,19,714.0,290.0,20.0,12.0,0,2,1
239,18,587.0,301.0,27.0,26.0,0,2,1
239,17,474.0,336.0,44.0,40.0,0,2,1
239,15,625.0,269.0,19.0,17.0,0,2,1
239,14,568.0,291.0,23.0,23.0,0,2,1
240,22,543.0,307.0,23.0,21.0,0,2,1
240,20,587.0,282.0,19.0,13.0,0,2,1
240,19,714.0,288.0,19.0,13.0,0,2,1
240,18,586.0,302.0,27.0,26.0,0,2,1
240,17,471.0,337.0,44.0,41.0,0,2,1
240,15,624.0,269.0,20.0,18.0,0,2,1
240,14,562.0,295.0,24.0,29.0,0,2,1
241,26,1016.0,621.0,243.0,95.0,0,2,1
241,22,541.0,309.0,24.0,19.0,0,2,1
241,20,587.0,283.0,19.0,12.0,0,2,1
241,19,714.0,287.0,18.0,13.0,0,2,1
241,18,585.0,304.0,27.0,25.0,0,2,1
241,17,468.0,338.0,46.0,42.0,0,2,1
241,15,623.0,270.0,19.0,17.0,0,2,1
241,14,563.0,295.0,23.0,23.0,0,2,1
242,26,1001.0,602.0,225.0,116.0,0,2,1
242,22,539.0,308.0,25.0,21.0,0,2,1
242,20,586.0,283.0,20.0,12.0,0,2,1
242,19,714.0,287.0,19.0,13.0,0,2,1
242,18,585.0,302.0,25.0,27.0,0,2,1
242,17,464.0,340.0,48.0,41.0,0,2,1
242,15,622.0,270.0,20.0,18.0,0,2,1
242,14,562.0,295.0,23.0,34.0,0,2,1
243,26,986.0,584.0,212.0,134.0,0,2,1
243,22,538.0,312.0,25.0,18.0,0,2,1
243,20,586.0,283.0,19.0,12.0,0,2,1
243,19,714.0,286.0,19.0,14.0,0,2,1
243,18,583.0,304.0,27.0,27.0,0,2,1
243,17,462.0,341.0,47.0,44.0,0,2,1
243,15,622.0,270.0,20.0,18.0,0,2,1
243,14,560.0,298.0,24.0,27.0,0,2,1
244,26,974.0,573.0,196.0,144.0,0,2,1
244,22,537.0,310.0,25.0,22.0,0,2,1
244,20,585.0,284.0,20.0,12.0,0,2,1
244,19,715.0,285.0,17.0,14.0,0,2,1
244,18,581.0,304.0,27.0,27.0,0,2,1
244,17,460.0,342.0,45.0,43.0,0,2,1
244,15,622.0,270.0,20.0,18.0,0,2,1
244,14,559.0,298.0,23.0,29.0,0,2,1
245,26,960.0,559.0,184.0,157.0,0,2,1
245,22,536.0,313.0,24.0,19.0,0,2,1
245,20,584.0,286.0,20.0,12.0,0,2,1
245,19,714.0,284.0,18.0,15.0,0,2,1
245,18,581.0,305.0,27.0,28.0,0,2,1
245,17,458.0,343.0,46.0,45.0,0,2,1
245,15,621.0,270.0,20.0,19.0,0,2,1
245,14,560.0,298.0,22.0,19.0,0,2,1
246,27,800.0,623.0,147.0,95.0,0,2,1
246,26,949.0,547.0,172.0,156.0,0,2,1
246,22,535.0,313.0,25.0,19.0,0,2,1
246,20,585.0,285.0,18.0,12.0,0,2,1
246,19,714.0,284.0,17.0,15.0,0,2,1
246,18,580.0,305.0,27.0,29.0,0,2,1
246,17,453.0,344.0,49.0,46.0,0,2,1
246,15,621.0,271.0,21.0,18.0,0,2,1
246,14,559.0,299.0,23.0,23.0,0,2,1
247,27,791.0,603.0,141.0,113.0,0,2,1
247,26,937.0,535.0,164.0,143.0,0,2,1
247,22,535.0,317.0,24.0,17.0,0,2,1
247,20,585.0,285.0,19.0,13.0,0,2,1
247,19,714.0,284.0,17.0,15.0,0,2,1
247,18,579.0,306.0,28.0,29.0,0,2,1
247,17,450.0,344.0,49.0,49.0,0,2,1
247,15,620.0,270.0,22.0,19.0,0,2,1
247,14,558.0,301.0,22.0,16.0,0,2,1
248,27,785.0,586.0,132.0,130.0,0,2,1
248,26,927.0,524.0,155.0,139.0,0,2,1
248,22,532.0,317.0,26.0,18.0,0,2,1
248,20,585.0,284.0,18.0,14.0,0,2,1
248,19,714.0,284.0,16.0,14.0,0,2,1
248,18,577.0,307.0,29.0,30.0,0,2,1
248,17,447.0,346.0,50.0,49.0,0,2,1
248,15,620.0,269.0,22.0,20.0,0,2,1
248,14,556.0,299.0,25.0,19.0,0,2,1
